	count
TCCTAGCTTACGGATGTA	335
TTTGTTAGTCAGAGGAGC	249
GGACTTGGGGTGTGCTGT	243
CGAGGCACCAGCGCGTCT	220
TTTTATAGTGTTGCCGCC	206
ACATCGAATAACATGTGT	188
AGATGACTGGGAGTTAAA	183
TTGATCTGTTAATCACGT	164
TGGGTTTAAGAGAGCCGA	154
GTAATTGTGTGTAACAAT	154
TTAGCCGAAGTAGTGTCG	139
AGTATTTTGTGGGTGATG	133
TATTGATATGGGGATCAT	123
ATAACTGTGTGCACGAGG	123
CGACCTGGTGGTTTAGAG	119
TGTATTGACCGCCAAGAC	117
TAGTGTAAGGCGGAAGGA	115
GCTTATATATTTTGGAAC	113
TTGCATTGTGGGCTTAAG	105
GTCCGGTACTGCAATTAA	104
CGAGGGTGTCTTCATGAC	92
CTTGTAATGCAGGCCCCA	92
AAGGCCTATTGGTCCAGG	91
CATATAGCCAAGGGAGTG	91
GGTTTCCGCTCCGGCATA	89
TTTTTGTTGTGCATCGTT	86
TTAGTGCAAGGCTTTGAT	84
TCCACATAGTTTAGTCTG	83
TGTAAGTGGCTGACGTCT	83
TCGAGGATAAGGGAGATG	75
CTATGCTGGTGTCTCGTT	73
GAGTGGGCACCGTTTGTA	73
CTATTCTGTATCGAGATT	71
CGCTGTGGCCTTGTAGCT	71
TACGGAGTATTGGGGGTT	70
GGGTGTTGCCCGTGCTCG	69
GAGTGGGCCAAGAGTTTA	69
CTGTCTACTGTATTTGTT	68
AAATCACAGTGAGGGAAT	67
CGTCTCGTCCTATGTTCG	67
GCAATGCGTTGCGAGTTT	65
TTTCATCGGGGTATATGC	65
TTCGTGCGTTTAGAGGGT	64
TGACAGGGTGTTGTACGA	64
ATACGAATTTGCGCTCTA	63
TAGAATTGTCTTTTAGTG	63
TTGTCAGGTCATAGTGAT	63
ATTGGACAGGCTCACATC	61
GCTACCACTAGCTGTGCA	60
CATTGTGACTAGGCGTGC	60
ATGTCTTGTCGTGCTTGA	59
CTCCGCTTAGACGTTCGT	59
GATTACATTCGGACCGAA	58
CGGTAAGTGAGCTAAAAG	58
GATTAGGTGTATGCTCCG	56
ATATATAGTGCGGGGCTA	55
GGTACTGTTCCGATGTTC	54
GCTGCGGTATGGTCTTGG	54
GTTTATAGAGGTAGTTGG	54
TCGCTCTTGTTACCCGCA	54
GCTCAATCATCATTGAAT	52
GCAGTTTGATGCCACCAC	51
GTGTTGCGTAGCTTTTGG	50
CATCAGGCAAGATCTGAA	48
CTTTTTCTATGTGAAGCG	48
TTTGACGGTTCTTTGACT	48
TGACTCGTGGCTGAGAGT	48
TTTATTGTGAAAACTCGG	47
AAAGTCTAATTTTGGTTT	47
TGACATTCTTTATTTAAT	47
TCATATCTAACGCTTTAG	47
GTGCTAAGGCGACCGTAA	46
GCTAATCGGCTACGTTTC	46
CTTTCTGACGTGGGTATC	46
GTGCTTGCTCTAGCTGAC	46
GAGCCCCTTGGATAGCTA	45
GTTCGAGGCATGTGTGTT	44
TGACTCCCTATGGTTGAT	44
ATTTGTCTATTGGCGGAT	44
TTGTGAAACTATATTACA	44
CCCGAGTATGGGTGGGTT	43
GTGGATGAGTACATGCGT	43
CCGGGTCGTAGGGTGCAA	43
TCTTACATTAGGCGGTTG	42
TTTGAATGTAGTAGTCAT	42
CTGTTTGCTTTAATGTGA	42
TAGTGTTAAGTCAGGTGT	42
CACGCGTGGGGTTAATCC	42
AGATATTTTTTCGTAGGG	41
ACCCAGCCTCCTTTAAGA	41
TCTTGCTGTCTGTGTGAC	40
TTGATATTCTGATGTTTG	40
CTCAGATGTCTATTAGAC	40
ATGTTTATCAAAAGTCTT	39
AATCTTATCGTGTTGTTG	39
GTTCTTGCTTACTCGTCT	39
TGATACAGCTGGATCTTG	39
ACGGTAAGCCTACTGGTG	39
GATCTTGTCTCCTCACAA	38
GGGTAGGACTCGCGCGGG	38
GGTACTAGACGAGGTCTT	38
TGAAATGGAACGGTAAGT	37
GGGCGTGTAAGTCATTTT	37
GTGTTGACCATGGTGGAA	37
ATTAATACTTTAGTGTTA	36
GTGGCGGTCCGCGCGGTT	36
TCCAACACTTCCCACGAT	36
GAGAACTTCTAGGCGCTT	35
AGTTCTGATAGTAGTTTT	35
TGGCCGGGGTGGTATACC	34
CCATTGTTTGTGGAGCAG	34
ACCTCAGGGTTGTCCCCG	34
GTTACCCGTCTGGTTTTT	33
GACCTCTTTAAACAACAG	32
CATAGTGACGGCATCCGT	32
TCCGTGGTAATTCCTGGG	32
GATTTGCTTGACCATGCT	31
TGAGCCTGTTAGGGTTTA	31
GGTCGTCCACAGTCCATA	31
TCTTTTGACCCAAGTGAG	31
ACGTGGCTCTGCTCTGGC	31
CGCAATTCTTAGCGTGTT	31
CGGACTCTTTCAGGTCGG	30
TCACTGGTCCTATTTATT	30
CTTAAATGGCGGTTTGTC	29
TTACTGTTCTTATCTTGG	29
AGTTGTACTTACCTCTCG	29
TACGTATGGACGAGATGA	29
CGGCGTGAACTGGATTTG	29
ATAAGGAGTGATAAACTG	29
TTTACCGGAGCTGCGTGC	29
ACAAATGTTAAAACCAAG	29
CTTCTAGGCCGTGGGCCG	29
GCGCGGGGTGGGAGTGTA	28
CGCCAGTAGCTCAGCTGC	27
TTGATGGGTTACGGGGAG	27
ACGTAGTTGGCAAGGTGA	26
GGTTTTTCAGCCATGGTA	26
TTCTTTGGCACATGATCA	26
GAGATTTGTGGACGATGT	26
GTGTTGGTTAGCCACGTT	25
CGCTGCTACGTGTCCTTC	25
GTCGGAACATGGTTATTT	25
GAATATTGACAATGTAGC	25
TCATTGGTAGAGGGCTCA	24
AGGCCGTGCAGAATGTAT	24
CGTGCGCGCAATATAAGG	24
GGGAGTGGATGGAGTCGA	24
GAAGATTGGTCGTATGGT	23
ACACCCTAGAAGGTATAA	23
ATGGTTCGGGCCACCAGT	23
GAGGTGTTTGACATTAGA	23
AGTGGTAGTAATTTCACT	23
GATTACAGAGATGTCGTA	22
GCACCCAAACCAAGTCCT	22
CCCTCAACCTTAATGTAG	22
TTAAATCTGAAAATTCAG	22
GAATGTATAAAGAGCGGC	22
ACCGTCGACAAGACGGTC	21
GCCTGTGTGATGCCGACT	21
GGACAGTCTGGATCAGGT	21
CCTACGGTATATGTTACA	20
GTTCCGTGCGTGTGAGAC	20
GCTCCAGTGCTATGTAAA	20
TTAGTGATATCTCCTTAA	20
TTACGCATCCTTTATGGG	20
GTGAGATGTTTTCTGACA	20
GATAAATAGTTGTGAGGA	19
AAGTCGATTTAGGCAGTA	19
TCCATTGTGATAAAACCT	19
TATCAGCACAGCTAATAC	19
TAGTGATGCTATGTTGCG	19
GTTAACCTTGTGGATAGT	19
TGTACTTGAGGATATTTT	18
CTATGGCGAGGCGTAATT	18
TCATGTGGTTCTTTTTGC	18
GGCCTGCAGTGTAGATTC	18
TTTAGTGATCCTTTGTGA	18
GACCCAGATCAAGCTATC	18
GATTAGAGTTTGGTCATT	18
GCAAACGGTGAGATTGTG	18
GTTTGTGATCTATGTCAA	18
ACCTATAATGTACGTGTC	17
CTACTTTTTATTTGGGTT	17
GTTATTCATTATGACTAG	17
AAAAGCCTTTGCTTTTTC	17
GTTTTAATAGCTGGCTGT	17
GGTTGAACGTGCAACGGT	17
TGATGCAAGTAGTCGGTG	17
CATGTTCAAGTATGATTG	16
TTTATTTTGGTTGTTAAA	16
CTTGCTTACTAAGCGGTG	16
GGCTACGTGACGATCCGG	16
TTTCATGCCATTTTTGAG	16
GATTGCTCGTCTAACATA	16
TGTGTTGTGACTGGGCCC	16
GGGGCCCGATAGGGGCCC	16
CTTGTTTTCCTGAGCTAT	16
AGTTTTGTGTTACTCGTC	16
CGGAGTCGATTGGTATCG	16
CATTTTAATGCGCCTCTG	16
GTGGCGTACTTAATCAGT	16
GTTAGGTTTTGTTGAGGC	15
GTCAAATTGTGTGACTGA	15
CTGAGGTACCTGGTGATA	15
GTGTTTGGGGTCATGGAA	15
GTCGTCTACAGGACGCTT	15
GAGCAGTTGAGGGGTGAT	15
GACGGCCTAGCTTGGTTG	15
CGGTCTCACACCGCGCTA	15
CTTGGAATTTGTTCTTAG	15
GTGTCAACTCGTTATTTT	15
CAGAGTTAATGCATATCC	15
CTCCGAATTGTTGCCCTG	14
TGGATAGGAAATACGGGT	14
ACCTAGGTTTTTGATTTC	14
CCCACGCTATTGGTAAGG	14
TGAGTCGTGCGCGTCTAT	14
GGCCGTGGCATCGTAAAG	14
GCTGGGTCACGGGGCTGG	14
CTTTTTTAAGGTGGGTTA	14
AAGGGGGCTTTCCAATGG	14
ACCTATGTTTGTCACATT	14
TGACTTGAACCATTCGCC	14
ATGGCTTGTTCGTCTGGG	13
GGGCCCCTGGTACAGTGG	13
AGAAGTGACGGGTTGGGG	13
CCATGTACGCTATTTGCG	13
CTTGTCCACGGTAGACTC	13
TGAGCGAGCAATAGGGTG	13
GCTGCCACCTGGTTTCGG	13
CTGGAGTGGGAGGTGGCT	13
AGCTCTTTATGATGTAAT	13
ATAGGCGCAGTTCTTGAG	13
CCTGTTGTAGGCGTTAAT	13
ATCGTGCATCAATATTTT	13
GGATGCGGAGGTGTGGGC	13
TCTCGCCTTGCAGTAGCT	12
CGAGACGCGGTTGAACAT	12
ATCGCTGTATTAGACGAC	12
AAGTTAGTCCTAGGTAGT	12
ATATTCGATTTTGGATTC	12
TGTTATTCTGTGGTAGGC	12
GTTTTATGGGGCTTTAGT	12
TGCGGGCCGAGGCCGGGA	12
GGTAGTGCTTAGATTACC	12
GTGATCCTAAGCTTTCAT	12
CAGCGTAATGTTCGGTTG	12
TGGGCGTCTCCGATATAA	12
GAGTACGGTCCATAGTTT	12
TTTTCACCGTTAGCCTTT	12
TATTAGCGGGTCACCAGT	11
AGCTCGGGGGCTGATGGT	11
CGCATAATGTTATATGTT	11
GTCGGCTGCAGAGTATTC	11
GATGTGTGTCGTATCTAT	11
GTTAAGTTAGGTCACGCT	11
CTAGTCTGTGCTGTAGGT	11
ACTGGTAATATGTTCAAC	11
CCTGGCGTTGGTGATAGT	11
GGCTTGGTTGGTCATGTG	11
CGTGACTCCCGAGCGTTT	11
GAGTGATTAGTTAACTTT	11
AGGTCTTGGGCGCTTGGT	11
TGCGCATCTGTGTCATTA	11
GGTGTGTTAAGAGCCAAG	11
ATCTCGGTATGAAGCTTT	11
TGGTTGTCCGTGGTTAAT	11
ACGTTGGCAATGGCTCAC	11
ATGAGGGGATCGTGTAGA	11
TTCTTCCGATGTGAAATA	10
CTCTGGTGCGTCCCCCTA	10
GCTACCGCACTAACATCT	10
GTTGGCACAATTTGCTCA	10
ACTAGAGAGTGTTGCATA	10
GCATTCTGGCGGGTGGGG	10
TTTTAGGCAGCATGCATC	10
CGGGTCTTTTGTTGCACA	10
TAAGGCCCTGGACGCTGA	10
TATTCATTGAGGAGTGGC	10
CGTTTGGATCGGATTTGT	10
TAGGGATGTTCGATGGGG	10
TAGTTATTAAAAAAATCG	10
CCTCTTATGACAAATTAT	10
CGGAGACCGTGTTGTCGT	10
AAAGGTTGTTGGGAAAGC	10
CGTCAAGACACACGGCAT	10
GCAACCGTACGTCCTTGC	10
TCGAGATGCGCTCAGCAG	10
CTATCTATCCTATTCTTG	10
TTGGACAAAATGTCCTGT	9
TTGGCAGACTTTCGGGCT	9
TGAGAAATTTGAGTTAAC	9
AGCATTAGTTCGTATCTT	9
GTCATGTCGGTCTTGCAA	9
ACTAAGGTAATCCGTGGT	9
TTGATGTTATCTTACGCT	9
CTTGTAGCTCCGAGTGAG	9
ATGCATGACAGTTTGCCG	9
CAGGTGTTTTGGTATCCC	9
TGGCTGGAGGGATTGGTC	9
CTGCAATGTGCATTAGCC	9
GCACGATACTGTGTTAGA	9
TGATAACAGCTGACGTAG	9
TGTTCTGACAGTTGTAAC	9
GGTCATCTTGGCGCTTAG	9
TTAATTCAGACTGGAAAA	9
GGTGCGATGTAGACCCCG	9
TTGGAGTTATGTTACCTA	9
TATGTCCAGTTTTCAAGG	9
GTATGACAGGGTAATGAT	9
AGTCTTGTGGAAATGGCT	9
GCGGTGGGTGAGTGAGGA	9
GCCTGTGCTTTTAAATCC	9
CGCAGATTTTGATGGTGC	9
GAACTAACTTGAATGGTT	9
TTATCGTCATAATTCTGA	9
GTCACGTGAAGGTGTTGT	9
CCATTCACACTAATCTCG	9
TTTTACTCGAGGTTCTCT	9
CGCAATTCTACAGGCGGG	8
GGTCATAACCTTGGGTCT	8
CTCTTTGGTCGGGGGGCT	8
TTGACGGGACGATACTAG	8
TAATTTTTGCAGGGTCAA	8
GGAAAGTCGGGAAATGGG	8
TCGCGTTATCTCTAGTGC	8
GTCAGGATCATCGCGGCG	8
AGGGGAGTTCAGGCCCAG	8
TGGAGCTTCTACGATGGC	8
TTATCGGATGTGTGGAAA	8
ATTACTCTTTATCATCTT	8
ACGGTATGTATGATGTGC	8
ATGGAGCGTGAGTCTAGA	8
ACCCTTGTGGTTTGGGTG	8
TTCGATCATTGTGTGTTT	8
GCTAGATTCTCCCTGGAG	8
CGCCCTTCGCCTGCCTTT	8
GTGGCGTTTTCGGCGGGG	8
CGGCATGTACTAAGAAGA	8
AGACGAGGAATCTACTCC	8
AGGCGTGTCAGGGGGGAA	8
CCTCAGGGCTGAACAGTA	8
TTAACGCGCAGTTCGCCC	8
GTATTTTGCAAAGATAAT	8
TGCCCTGAAGGCAACGTA	8
CGGTTGTAACAGGGAACT	8
CGTTTGTTCTCCTCTGTT	8
CCGGCATTATCTCTCATG	8
AAATGCGCCAGTATCTAG	8
GACACAAGACGAATGTTA	8
CTGTGGTGATGCGTATGC	8
TTAAGTATATCAGTAGCA	8
AACTAGCACATTATCCAG	8
GGGGACGCAACTCCCACT	8
TAGGCCCCACGGCATTTT	8
GGCCTATTCTATGGCCAT	8
CGGCATAGGAGAGTATAG	8
AATGTGGCTGGGTCGATG	8
CGGAGTGCTGATCGGCAT	8
CGCTACCAGAACGGGTAT	8
CTTTTGCGTTGTGCTGGG	8
TCTTTGCGTGAAGCTTGG	8
TCCTGTGATTTAATCGGC	8
TCGGTCGTTTTGCTAGGA	8
CTGTACAACGCCTCCTGT	8
GACACAGGGTACTGGGAA	8
TTATTCCGCAGGAAGTCG	8
CTGTTCTTAGACATAGTG	8
TACGGAGGCTGGCCGGGA	8
TGTTCAACTTAGTAGTAG	8
TATTGAGACTAGTTCGTG	8
TTCAGGACGACATGAGCA	8
GGGCAAGTTTCGTTAGGG	8
ATTGACCAGCTGGGTTGG	8
GTAGTGCACGCTTGTTTT	8
TTCACTATTGTTTTAGGA	8
TGTCGTTCGGGAAGCTTG	8
TCGAATGTAAGTCGTGAA	8
CGGCGTTTCTTTGATTGC	7
TCGGTAAAATGGGCCGCG	7
GCTGTGATAACAACTGAG	7
TGTTGGCGATTGTTTTGG	7
TCCTAACTGGGAGTTTAT	7
CGGTGGACAGGGAAGTGC	7
AGTGTAAAGCTCGGTGTA	7
TTTTTATGGTTTAAATGG	7
TCGATCGGTAATTTCCGA	7
GGTTAAAACTAGTTGGTT	7
TAGACGTTCGGCTGGGCA	7
CGATTGTAAGACTTCGAT	7
GATATCGTTGTCGATCGT	7
AAAGCGCTATTACGTCGA	7
ACAAATGCTGACTGTGTA	7
AGAGGATGTTCCCTTTTC	7
CTATGCACATGTGTAGGG	7
TCCTGGGTAGAGTATGGG	7
GGCCGGGGTGACACCGGT	7
CTACAGTCCTATAGGTGT	7
TTGCTGTGATCTATTTTA	7
CGGCTTTCTACCTCGAAC	7
GCAGGTCGTTGTCACGCT	7
CCTGGGTATTAGGTTCGT	7
CTTAAAGTGATTTGTTTT	7
AATGGCCACTGCTGTTCC	7
CGGTTTTTTTGGTAGCAG	7
CTTTGGAATGGGAGTTTG	7
TCTCTCACAGTCTCAAAG	7
GTAGGTATGGGGGTTTTG	7
GGAATCGTATATGTAGGT	7
ATTGGGTTAGCTGAGTTT	7
CTTTGACACGCAACATCT	7
GGCGTGGGCTTGGTAGGT	7
GGTTGCTTAGCCATGTTC	7
TAGTATAGGTAACGACAG	7
TGTTACGTGTGTGCGGCC	7
CCCTCCGGTGTGAGGGGA	7
AATAGACTTCGGAGGTTG	7
TCATTATCTTCATGCCCG	7
CATGGCGGAATTGGTAAA	7
AGGTATTCAATTCAGTGT	7
TGCTTGTATGGGACCGCA	7
CTGCAGAAGATGTCTTGG	7
AGTGAAGTATCGAGGACG	7
CATTGTGTGCGGGTTACT	7
AGAGGCCTGCCTCAGCGG	7
GATTCGAGCTAAAGATCC	7
CTCATATACCAACCCGAT	7
TACGGATTTAGTCAGAGG	7
ATCTTCGATTAGGTCTTG	7
TTGGTAGTCAAGATTTAT	7
ACTCGAACACTTTGTAGC	7
ATACGGTCCTCGAAAGGT	7
TTTATTGTCACGGGGGGC	7
AGCACGGCGCGCGTAGTC	7
TAATCTATCGTATTTTTG	7
CATGGCGTAATGTTGCTT	7
GCACCAGAGATTATTTCC	7
AGTGGGCTCGCGCTTACG	7
GGTAGTAAGAACCAGGTC	7
TTAGAACAGTCATTTGTC	7
TATAGCTCGCGCGATCTT	7
AGTTGGTTTGTGTTAGAG	7
CTGTTGCGGGGCTACGTG	7
GCCATAAGTCTGTTTGAG	6
TTCTTATTGAGTGCTAGG	6
GATAAATCCACAAGTGCT	6
GAGCTTCCGAAGGGCGCG	6
TATCCGGAGAGAGAGGTG	6
TTTATGTCGGATTCGCAT	6
TCGTTGCTGTCTTAGGTG	6
CCGTTACGGGTAAATCTT	6
CCTACGTTTGTTTGCGTG	6
TTTGTTCCGTCTCTCGGG	6
GTTCAGTATCTTTCGTAC	6
GCGGTTGCGAGTCGAGTT	6
GGACGTGCTGGACCTGGG	6
ATACGTATCAGTTTTCTT	6
CCTGCGGAATGGGGTCTT	6
GAGGTGTAAGAGATGCGT	6
GTATGCCTATTGGTTCAG	6
TGGGTGTTAACATTTGTG	6
GGGAATGTGGTCTAAAAT	6
TAAGTACTAAAGGTTTAG	6
TATGCTTGCATTTAGGAA	6
CTTCTCGTGACATGTGCT	6
ATGTGAGTCTGCTTAGCT	6
CTTTTATACGATGTAGAA	6
CTCAAGGTCGGTTCAGAA	6
ACCAGAGTCTACCACTCT	6
TTGAGGATACGTTATTTA	6
CTCCTCTTAGTCAGAGGT	6
TTAAGTTAGGGTTTCAGC	6
CCGTTATCTTCAGACTGA	6
TATCCATTTCGAATTTAA	6
AAGTTGCATCTTCCTTAC	6
GTAGAGTATTGCTCTCTC	6
GAATGTTCTACGTCTTAG	6
ATGTCTAACTTGTTTTCG	6
TGCTGGCCTAGGCATAGT	6
CGTCTGTTGTTCCTGGTC	6
TGGGGATTGTCCTACCAT	6
GAGGGGATATCACGGGGG	6
GCTTGAGCTTGATAGGTA	6
TCCCGTCGAGTTTGGCTG	6
AAATGGATACGGGGTTAA	6
TCTTGCGTGCCGTAAAGA	6
TTTATCGCCAACTTGACG	6
GTATTGGTATGGGTAGGG	6
GCTGGTGGACGACAAAGT	6
CGTCTCTGAGCAAGTTAT	6
GCACGCTGCTCGACGTAA	6
GTGACGCGCAGCGAGACG	6
CTGAGTTTGTATACGACG	6
ATGTCCCTCATTATGAGG	6
TGCGAGAATCTAGTTAGT	6
ACAGAATGCAACGGACCG	6
TTAAGGCCGCATTTATCG	6
AGGTCTACTGGATCCAGG	6
GGGGCGTTATATGACCTT	6
AAGTCTAGGCGCAGCTAA	6
TGACTGGTAGGACGGGAA	6
TCAGACGGCGTGTGGTGG	6
AACAGTCTAGCTCGGTCA	6
TGGGGGATGGATTGTCTG	6
TACTACGTGCTCGGAAGA	6
GGTAATTTCTTTTCTTGC	6
GCTGCCACACCTGGTTTG	6
TTTGTTGCCCCTACGGCT	6
AGATTTCTATTATGTTGT	6
CGCGTTTGAGGTGGTGGG	6
TCTGACTCAGTTTCTATG	6
TTTATTATATCAGTGTAG	6
ACTTATTCCACTATAAAT	6
GGAGTCAGGTGGGTTTAC	6
TGTGTAGGCTTTCGGGCG	6
CGCACGATAGGTCCACAC	6
ATTGTACAATGGCGATCC	6
TATCATCTAAGTGATTGC	6
CGTATGCTCCTAGATTCG	6
ACTACCACAGAGATGTCA	6
GACATTTGCAGCAGTAGC	6
TATGCAGCAATATATTAA	6
GGGATGTGGGAACGTTCG	6
TTTTCAGTGTTAGCAGAG	6
AAAGCGAGATGCAAGGTG	6
TCTACCTGCGGTGTTCAC	6
GGAGAAACTTAGTAGTTG	6
ATTGATCGGATGTACTTA	6
ATCTTATATATTGGTACC	6
GGACCGCCGTGGGATGTA	6
TGGAGTCTTTGATCTCTC	6
CTCTTGAACATTGGTGAT	6
TGTAAATGAGTCTGTAAT	6
GTCAGCCTAATACGGCCA	6
TATGTCAGGTGGATTAGT	6
TTATGCGGATCGCCAGTT	6
TACTTTCCCTAATACTAT	6
GGCAGGTACGATACGGCG	6
GGGATTGTGGCCCGACCT	6
AACACCGTTTAGTTCGAC	6
GTGGACGTATCATGCTCA	6
TGCGTTCACTGGCCCAGA	6
CCTGGTTGTAGAAGCGAT	6
CACGTATAATAGATTGTG	6
GACTCGGACTGGTTTCTC	6
GGCATCACCCAGTCTTTA	6
TAGTTGGGGCATGGTAAG	6
AGCGCGAATAGCTAACAT	6
GATCGAAAGGTAACTCTG	5
GTTTGTAGCCTTTTGTCA	5
GTAAGTGGTCCTTTCTAG	5
GGAATGGTGTGATCATAC	5
AGTTATGTAGTTATCTAG	5
GTGCCCCTTGGATAGCTA	5
TTCCCTGGTTGTCTTAGG	5
CTTCGTGATACCAATGTG	5
TCAAGGGGTTCAACAACT	5
AATTTACTGTATTTCGTT	5
GGAGTTGCGATTTGGGTG	5
CGGCCTTGGCGCCCGGTT	5
TGTGTCTTTAGATTGTTA	5
TCATAGGATCGGGGGCCG	5
ATATGGGATGGAGTAAAG	5
GGAAACGGTGCGCCGCTT	5
TTTGGAATGTATGGGTTC	5
AAACTATGTAGTCTCTCT	5
ATTGAATCGCTTATTTGT	5
CGTGCAATTCTCGTTCGT	5
GGCCACTTTGGATGTCCT	5
CTAGAGGTTAGCGCTTAT	5
AGGGTTTGGTAGGTGGAT	5
CGTAAAGATTATGGTTTA	5
AAGATCTATATTAGGTTG	5
CTTGGTAGGGTGGCGGCA	5
GGGTCAACTAAGGGGTTG	5
CTTTTTCGACGGTATGGC	5
AAAGAGAGACACGCGGGC	5
GATGCTTTCAGTGTACTA	5
TCTATGGTGCTTTGGGTC	5
GTGGCACGAGGAGCTCTT	5
TCCTGTTGACCTTATACC	5
GATATGAGTTGATATGAT	5
TGTGCTTGAGGCCATGAG	5
CTTTGCGGTCCCGTCCCT	5
GCGTCGATCTAATGCCCG	5
CACTTGTCCCTTGAAGTA	5
TTTTGTAGGGTGGTGGCG	5
GATTTGAGAAAACCTCAG	5
CAGTGTAGACTGGAGGTT	5
GTAGTGTTTCCAATGATG	5
CTGTCGCTTAGGGGCGGA	5
AAGATAGTCATATGTGGG	5
GGCATTCGTGCCAAGATT	5
TGTCCCTTCGCCGTGTGA	5
TGCGAGGGCTAACCTAAA	5
GGTCGCTATAGTGACAGT	5
GGATTCAAAACGGCCATC	5
TCGATGGTTTGAATGTTT	5
GGGATGTCCAAGGGTTGT	5
TCTGGCGGCTTAGTTTGC	5
TTGGCCAGAATGAATTAG	5
AGGATCAGGGATTGTCGG	5
CGGGTAGGCTGAGGAGAT	5
GTTAGTTGCTTTAAGTGG	5
AGTTCTTCCGTTCGGGTT	5
ATTTTGCATCAAAACTAT	5
TGGGGTTAGCGTGGGTTT	5
ACCAGTGGACTGGCTAGA	5
CATATATTGTTCAGTGCA	5
ATCGGGTCGTAACCTCTA	5
TTAATGTTGATCCTCTGT	5
GACAGCGTGATCTTTTCC	5
TTTCGACCACTTCTTAAG	5
TCCCGTTTCAGACTGGTG	5
CACGGCCGTGGTGAATCC	5
GACACTGTGAAGTTTGGG	5
GTTGATGACACATCTTTC	5
TGATAAAAAATTGACAAT	5
CTCTTGCGCTATGCGTCC	5
GGTGCATTATCATGTGTG	5
CTCTTGATAGGTTAGAGA	5
TGGTGTTTAATCTGTGCT	5
GAGGGTTCGGATGGATTA	5
AAAAAAGGTTTTTCGAAT	5
GTCACTGGTTGGGTTTTC	5
TAGATTTCTCACAAGTTG	5
TAGTTATTGATGTGTTGG	5
CTTCCCGGATTTATGGCG	5
TGTTTTTCTGGCTCGTAA	5
CTGGCTATGGCGATTGAA	5
GCGGTTTTGTTTTTACGT	5
GCCCGAGGACCGGCCGCC	5
GCGGCGCAGGCCGTCGGT	5
TCGGAACAGGGTACTGGG	5
GTTAACTTTTGGTTGATT	5
GGGCCAGCCGGCATGGCA	5
GAGATTGTTTTTTCAGGT	5
TATGGACCTGCAGGGGCT	5
AGGACGAGCCATTAAGCA	5
GTTTTCCATTCTTGTTTC	5
AGATGGTGGATCCGAGCT	5
CATATCGAAAGTTACTGC	5
GGGATTGGTCATATAATC	5
GCGTATGTCTCTATTAAG	5
TGTGGGATATGTCCTTTC	5
CTCGCGGGGAGTTGAAGT	5
CTTAATTAGATTGAGGGG	5
AAAGCGCAGACTGGGGTT	5
GAGTTAGGAGTGGTTCGG	5
CATTTCTACATATGTGCA	5
AGGTTCTTAAAGCTCGTG	5
GAAACTGTGTCTAGTGCC	5
TGGGAGATGGTGGTGTGT	5
ATCTGCTTCTGTACAGGT	5
GATGTACGATTCTTATAA	5
TTCTCTAAATTCCTCGTA	5
CCGCGAACCTGCGATTTG	5
CTATCTGGCACGATAGCT	5
TTTGCTGCGGTTTGTTTC	5
TATGTATTAGCGCTAGAA	5
AGGGTATCGCGGATTATT	5
CGTTCGAATGCAATTTGT	5
ATAGTAGTCTATTTCATG	5
CCTCTGTGAGATGCTTTG	5
CTAGGTATTCTCAATTAG	5
CTTGCTTATATCTTCCGT	5
GCCACCTGAATCGCATTC	5
CATCGCAACCTTCACTGT	5
CATGAGTTTATGTCTGAC	4
AAAGATTGAGGGCGTTTG	4
TGGTAGCGCGATTGAGTG	4
TACAGATTTTGCTTAGGG	4
CTGCTGGGACTTAGTCCT	4
TAGGCGGGCGGTATCATA	4
ATTAAATGGGGCTAAGTA	4
TACTGGTGTGTTAGCAGA	4
TGCGTAATACAGTTTGTG	4
TCCGGAGTACTGGTGGTA	4
TGGTTTCCCTAGTTTCCC	4
ATTGCGTTGGGAATGTCC	4
CTATGGTGACTAATACGC	4
TAACGTTGCTTGGACGAT	4
AGTCCGTCCTTTGGATTG	4
TGGATTCACTGAGGTTTG	4
GTTCAATTGTATGTCAGA	4
CACGTGATTATCAGTTTG	4
TACGTCCGCGCCTCAAAG	4
CCCGCTGTGTAGGTCCGA	4
GATATCTCAGAAGTTTGT	4
CCTTTATCCAGATTTAAG	4
TGAGTAGCAATCGAGTTA	4
AAGATTATTCAAGGCGCT	4
ATGTGCTCGAGCGAACGG	4
TGCTAACTAAACCAGGTT	4
TGTCTGAGTGTCATCATT	4
CGGGTTAGTTAAGTCAGG	4
TACTGGGAAAGGGTTCAG	4
GGGGTTTAGCTTGACCGT	4
GGGAATACATGGTTCTGG	4
TCGCATCCGCAGTTAGTG	4
AGTGCAGTCTGTATCTCT	4
ATCTATTGTACAGCGTTC	4
TTATTCATGTCTGTGTGA	4
AAACCTTAGTTTGCGATT	4
GAACTTTCCGTGAGTAGC	4
TTAACATGTGGTTGCCGG	4
CATATCTCTACTGACTAA	4
AAACAATCACGATATTTG	4
TGACTAAAAACTTCTTTA	4
ACCTACAGCAGGGCTTGG	4
GCAAACTCATTCACTGGG	4
TCTCCTGGGCGAACCCCA	4
CGTTTCATCTGTAGCGAT	4
TCATATCTGTGTACGTGT	4
CTTCATTCGGTATTTTTT	4
TCACCCCGCGTGGGCGGG	4
CGGGTCTCGAGGTCTTTA	4
GATCTGGCCCCAGGATTC	4
GCTCTATACGTTTGATAG	4
CTTTGAGTATTATAAAGG	4
TGGGGTTTGCTCGCGTCG	4
GGGACATTTGAGTGTTTG	4
GCATATCTGTAACTCACC	4
CAATGAATGGCTTAAGTC	4
TATTGTATCGGTCCGTCA	4
GTGTAATCTCGGGGCCGG	4
GGGTAAGGTTATTTGCTT	4
TAGTTGGTAGTGTAAATT	4
CCCAGCGGGCCTCGGGCG	4
TCAGGTGGTTGCGGGTCT	4
TAATCGAGCACAGTCTCA	4
TGTGTGCAGAACTTTTGA	4
TTTGGGCGTCAACATCCG	4
TGGGTAGCGGTGTAATTC	4
CGGTACAATGGCTAAAGT	4
GGAGGGGGTATACATTGG	4
GTTACTTTGTCCTGGGAC	4
GGGGACGGTATGTCAGCA	4
TAAGATGGTCGGGTATGC	4
GCTGAATGGCGGCTGGTT	4
GGTCAAAGCGCGGAGAGT	4
GAGGTAAAACGATGGTGC	4
ACGTGCGCCATCGGAATA	4
ATTCTCAGGGTTTCCTAG	4
CGGCATGTTCGTCTTTTA	4
TCGTTAAATCGCCCCTGG	4
TTCCTATGCGTCGCAAGA	4
CTCGGATGTTCTCAGATA	4
AATCTTTCGAGGTTGTAA	4
AGTGTCTAGTGTAACGCG	4
GTCGTCCGACCATAACTA	4
GTCGTCCGCCGGCGTGAA	4
CTTGGCCAAAGTTGCATG	4
CTGTCTTCCGTGGTCCTG	4
CACTTAACGTGATACCGT	4
TGTATTGAAGGTGGAGCA	4
TTTTTAAGATGCTGAAGC	4
GTTAAAGTGCTCCTCCGC	4
GGTGTCACATCACAGTAA	4
CTATTGGGCATCCGATAT	4
GGGGAATGCAAAAGGCTC	4
TCTTTGTGCGCTAATTAG	4
TTAAGGCGTAGTTAAAAA	4
TTTTCGGTGTCTTTCACT	4
GTGAAGTTAAATGAGCAG	4
GGGTGGGTTTCGTCGTAG	4
CATTCTGTAAGTTCGTAG	4
CTGTGGACCGTTTTTGAT	4
TTACAAATCTAATAGGAT	4
GCGGTTAGTAATATCGTG	4
GGGTTTCAGTAAACAGAC	4
AAGAGCGGTTTACTAACA	4
TTGCGATAATTTCAAGGG	4
GAGAGAAGTCGGGTTGGC	4
GCTCCATTCAGATTCGCT	4
GGTCGACGAAACTTTGAA	4
TTGATTTTTTAACTTTGT	4
GGCATAGGAATTGTCTCC	4
CAAGTGGTGCATACTAGT	4
GGCTCGTGGGATATCGGT	4
TGATTAGACGATTCATGG	4
TGAATGTATGGCTGCCGG	4
TGAGACGGCAGGGTCACA	4
AGGATACGAGAGGTGGGT	4
GCTTGTTGAGAGAGCGGT	4
GGTTTGTATGTGTTGAGC	4
CGGTCCCCCCCTGGCGAT	4
GCGAGTGTTTTCGAGACG	4
TCTGGTGTAATTATACCA	4
TTTGTGTTCCCATGTTAT	4
GTGGCGTTGATGTGACTA	4
TGGCATAAGGCGAGGTCG	4
CGATACTGTTGGTGGGGT	4
CCGCAGAAGAAGGCTTTT	4
TATGTGGTCGATCGGTGA	4
GAGAGGGACACGTGGTCT	4
GACCTTCAGCGTATTGTA	4
TTCGCCGGTTTTCTATTG	4
GGCTTATCTCATTACTCA	4
GAATCATAACATTGCTTA	4
CGTTTTCATCTGGTTTGC	4
GTGTTTGAATCTGCGTTT	4
TTTCGGGCGGGAAGTCCT	4
TAGTTTCGGACGTGTTTG	4
AGGTGCCTGCGCTAAGAG	4
GTCTCAAGACGTTGCGTT	4
GGGGATAGAAGTGACCTG	4
CTGTGGGCCGTGGGTATA	4
TCTTTAAGATCAGATGAG	4
GAACGGCTTGTACGTATA	4
TAAGTCTTATTTTTTTGT	4
TATCGGGTTTTTATGGTG	4
GCTTTATTTATGTGCGGC	4
ATAGTGGTAGGTTGCGCG	4
CATATCCCGTTCTGTGCT	4
TGCGCATGTTGATGGGTT	4
TGTAGTAAGTCATGTGTC	4
ACTCTGTCGGTCGCAGTT	4
GGCACCTGTGAGTGTCAA	4
ACGTCTCTATTGTATGGA	4
TGAGGAGTGACTAGACCA	4
ATAGTTGGTGGGTCCCAC	4
AAGTATATTAGATGATCC	4
GATTGAAGAATCGTGGCA	4
GATTGCATTCGGACCGAA	4
CTCGCTATTCGTAAAGTC	4
CGCCCAGAGAGGGATCAT	4
TGGATGTAGTCAGTCCAA	4
TGGTTCCCCTGGTGGCAG	4
AAGGCAACATGTGATTTC	4
GGTCACGGGTTCTCCTGA	4
TGCGTATTTATGCGAAAT	4
AGCGTGCTACTTCTGTTG	4
GCAACAGTAATCTTTAAG	4
TGTCGACTTGTGTCCTCC	4
GTAAGTTAAGTGTGGGGT	4
CGGGTCATTTTGCTAGTG	4
CATCCAGCGCAGGTAAAC	4
GTGTGGGGGAGCGGTGAA	4
TGCTACTCAGTCGCATAC	4
TGATCCGGAGAAGAGCCG	4
TGTCTTGACCTAATTTAC	4
AGTAGTAGTTTAATGTGG	4
TCCGTTGTTTGGGTACAT	4
GTGTAGTGAGGGGGGTGG	4
CTCCTTCCCGGACATGTG	4
AGTACAGGTTCGACAGTG	4
TAGAGGCAACACCTCGGG	4
TTGGAGGAGGGTTGCTAT	4
TACTCGTTAGTAATCATT	4
GGACATTAAGGCTATTCA	4
CCTGGTTATTTATGTTTT	4
GGAGTGGATGTCAGTTTC	4
GTAGGCGTGAACATTCAC	4
GCTATATTCATGGTTAGT	4
ATTCCCTAGCGTGACTCA	4
CGTCGAGGTGGACATACT	4
GCGTGCTTTGAGAAGGGT	4
TTGGTAAACTCGGTAAAA	4
TGTCCGGCAGGGGGTGCC	4
AGACAAGGATGTTACGTT	4
TTGGACCTAGTGCGAATA	4
TGTACAGATAGTATAAGC	4
GGTGAAACATATAAAAAC	4
GGTGACCCTTCTTTGGGA	4
TGAGATGGTGGCCAATTT	4
TGTTTCATGGTTTGCCGC	4
TAGCGGAAATGGTTACGG	4
AGACGTTCTGATTGTTAC	4
GTTGAACGATACGCGTAC	4
TGTGAACTCCCGCTATTC	4
TACTTTGGATAGAAAGTA	4
CGTTCGGCAACGTGGGTT	4
GATCGGGTGAAAGGTTTG	4
CCGATTATACGATATCTT	4
CTTCTTTCTGATAAAATC	4
CCGCAAGAGGTTGGGCAG	4
AAGGGGGTTACTGAATCA	4
TGAAAAATGGAGGGGTCC	4
CATTTATTGTGGAGGGGT	4
CGTAGCGGTAATTTTAAC	4
GGTTGGAGTCGGTTAATT	4
GAATGTTCAACAGTATGA	4
CTTGCCCTTTTGATAATG	4
GTGGTTGGCCAGATTCGT	4
AAGATTAGATTATGACGT	4
AGCGTATTTTACTGTATG	4
CATGTGTGATAATGCTTG	4
GAGCAGATAGTGTATTTT	4
TGTCCTCGGTCAAGTTAG	4
TAGGAACTGAGGCAGAAT	4
TTAGTTGTTGTACATCAC	4
CTTTTATTATATCGACGT	4
CGGAATAATGTCGGCCGA	4
GGGGACTGCCCTGTTATT	4
GATAGGAATCGAGATTGT	4
TAAGTATGCGTTAAGGCT	3
ATGAAATACGAGGTGCTA	3
GCCCCTGCGTTATGTCAT	3
TGTGATATTATAAGATGA	3
CAGTTGATATCTCTATTT	3
GCGTCCTCGTAAGGGCCT	3
TCGTCCTGACCGTCCATT	3
CTCGGCTGCATTGTTTTG	3
GAATGGCGTCTCGTGTTT	3
ACGTTACCATGTAGAACT	3
ATTTAATTAGGTGTATTT	3
ATGGTGCGGAGTTATTTC	3
CTCGGCGTAGGCTTTGGT	3
GTTACCTTTGCATTGATA	3
TAGTGCTGTGGGCTCGCT	3
GTTAATTTGCACGCGATA	3
TGCGTATTGTAATTACCA	3
GACTCATCTGGGTGTATC	3
ATTTCAAGGATAAGACTC	3
TTGCTAGAGTCTCTCGGG	3
GTGGGAGCGTTCAACTCT	3
ATCTATAGTAATGTCTCA	3
TGCTGGGTCCACCGGCAT	3
AGTTTTGAGTGAGCTTAG	3
CTATCCCCGTACATCGCG	3
TCGTGATCCTGAGCTGAA	3
CGAGAAATGAGTCCCTGT	3
TGTGACAGGCTTCCCGTG	3
TAAGCTCCTGTATTGGAC	3
AATAGACAGGTATTCGAG	3
AGGTGGCGAATTGTAGAA	3
TTGTTAGGCGATAGCAGT	3
TAGTGGGAAGTAGACTTT	3
TCCAAATAGCTAGGCACG	3
TCCACGCTGTTCTACTGC	3
CGGTGGTATAGCTCTTTC	3
TGTGGTGTAGCACGTGAG	3
CGGATCCATAATTCGGAT	3
TCTTGGGGAAGTTGCATT	3
TTTCGTTAATTATAGTGT	3
GCTATAAATTACTGTCCA	3
TTTAGGGCAGGCTCCGCT	3
GCGCAGCGCGTAGTAAGG	3
TAGGGTGCGGTATGTGCC	3
TGATTACGGTGTATACTC	3
CTCCCCCACGAGAGCCTA	3
CCAATCGGTCAGGTGTAT	3
TACGTAGGTACTGGGTTA	3
TGGTGTGTATGGTGTACC	3
GCTGTGGGGCCGGCGTCT	3
TAACGGCTAAAGAGTGTG	3
GCTAGGGTTCCGGTCCAA	3
TAACCGAACAGTAGGAAT	3
AAAAACACCTTTACGTGG	3
TAAATACGGAGCAGGTTT	3
TATGTGATGGCCCTAGTG	3
CTTGATGCCAGGGAGCTA	3
TAAGAGTAAGTGGTCTCG	3
GAATCTTGAGTTTTACTG	3
TAGTTAGCTTTGGTCCAC	3
CTGTATTTGACATAGGTA	3
GACACCAGTATACACACC	3
GCGTTTATAGTCTCTAAT	3
CTAATCTGAGTTACTCAC	3
ATTACCCTTCTTTAGCTT	3
TGGGAGGGGATGACGATG	3
GGGCGGTAGCGTTTGGAT	3
TATTGTGCGTATCATTTG	3
TTCCTCGTCTTGTTTGGA	3
TCCTTCCATTCGGATGGG	3
AAGAAATGACGATTGATT	3
GTAACGGCGGTAAACGAT	3
TATTTGAGTGGCTTGTCA	3
CACTTTGAACGGCTTGAA	3
TCCCGGATCCCTAGTCCT	3
TGCGGTGTGTTGGGTTCC	3
CTGTGATGTGGGGGCCTG	3
AAGTGATGGTACTGCCCG	3
AATACTGTGGGAATAAAT	3
CGTTTTTACGTGGGTCGT	3
GGGTGTGGACAGTTGGTT	3
AAAGTTTTCGCTTTATTC	3
GTAATTGTGTGTAGCAAT	3
GGTACTAAGGGCTTTTAC	3
GGTAAGTAATGGGCGATT	3
AGTTTCCCTGCATATTGG	3
GAGTCGAAATCAGGTACA	3
AGCGAGTATCGGGACACG	3
ACTGGATCTTTTGGGAGG	3
AAGTTTCTGTCGTTTCTT	3
TAGAGACACAGCAGGAAG	3
TATAGGTCCGGGACTGTT	3
AGATTTTGGAAGGGTGAT	3
ACTTTACGCTCAATTAGG	3
TTTTTTGGCGGCGACTAA	3
AATTTACGATTTTTTTAA	3
AAGTGTCTCATAAGTATG	3
GTGGAGTAGATTAGCGTT	3
CGACCCGGCGATTATCTG	3
CTACGGGATACGTGAATG	3
ACGGCGTGGTTAGCGTAT	3
GCCTAGGGGACCGCCTGG	3
GCGTCTTATGGATCTGGG	3
GATCTTGTGATGGCCATA	3
GTTCTCGCTTTCGTTTTA	3
AAAATACTGTACTTAGGG	3
TTCAGGTAATGCTAGTAC	3
AGGGGAAGCGGAAGATCC	3
TCAGTATTAGTAGATCCA	3
TTTGGATGTTCGTCGATA	3
TACGTAGGCGCATTCTTT	3
CGTTTGTGCGGGTGGATT	3
CCCGTGACTTTATAAAGT	3
CTATTTGTTGGAAGCGAG	3
GATATGTGTAAGATCGTG	3
CACAATTTCACAAGTCCG	3
TATTGATATGGGGGTCAT	3
GATGGATGAGCAGGTAGG	3
TAGCCTGTATCGGGTTTT	3
AAGGTCATTGGTGAATAT	3
GTACTGAAATCGATGGAG	3
GCGATGACGTGATTATTC	3
AGTGATGTTCGCGGAGTG	3
TATTTATTTGTTCTGGGG	3
AGTGTAATCGATGTAATC	3
ACACATTTGTCGTTATCA	3
AGTAGGGCATAATAAATA	3
TAAGTACTAGCGTATTCA	3
TACCGTATTTATACTTCG	3
CATAATGTTTCTTAATGC	3
AGATTTTGTATTCCTGGG	3
ATATCCGCTACTTACATC	3
CGTCCTTCAGGTTCTTGG	3
TTTCCACGAGAGGGGTGT	3
AGACGTTCATTTGGCGGC	3
CGACTTCATTCTAGGCCT	3
TCTATGCGCAGACCGGAT	3
CTGCGAAAACCTCGCCTG	3
TCCTGCGTCATGTGCGTC	3
TCTACAATCACTGTTGAA	3
TGTCGCACATATTGTTTG	3
TAACGGTGGAACCCTAAT	3
CGGGTACTGTTGTCGTTG	3
TGGTTTGGGGGCCAGGGC	3
GGGGTGTGTGGTAAATTT	3
TTTTGACTGACGGATATT	3
GGATTCGGGTTTATAAAA	3
TGATATCCGGGCTACATG	3
ATAACTGTGTGCACGGGG	3
TTGACTCGTGGCAATGTG	3
TCGTTTGGATAAGCTGGG	3
GTATTCTTGAATTGCGTT	3
GATTAGATAAATTTGTGT	3
GCTGGCATCGTGAAGGAG	3
CTCCTAGGAGTTATAATA	3
CATAATGGTTGGATATGC	3
AAAGGGGTCTCAGGCTGA	3
CCATCCTGATAACAATCA	3
TAAAAAACGCTGACTTTC	3
TGGTATGAAATGCCCGTT	3
TAACGAGCTTCCTTGGAG	3
GTTTACAGTGCCATATGT	3
TGTCTGAGTGCCTTAGGT	3
AATAAAATAGCGGTATTC	3
GAATTATTGCTCAAGCTG	3
ACATGCGGGCGCAGTTAC	3
TCGGGGTGGTGTGCAGTG	3
GAACTATTCTGTTTGATA	3
GGGCGAGTTTTGCTTAGT	3
TTGGGGTGTTATAGAATA	3
GATGTTGGATTCAAGCGT	3
TGGTCTGCAAATGCAAGG	3
AGTTGGACTGGTAGCAAA	3
TCAACGCGGGTTAGGCGG	3
AACGCTAAATCCGTTTGC	3
AGTATGATTTGACGCTCG	3
GATAGTGTGGGACCTCTT	3
GGGCATTGGTATCGGTAA	3
CGCGCCATAGATTGTCTT	3
TCAGTGGGATGTGTATAC	3
CATCTTCAATTGTGGTAG	3
CGTACGACTTTGGTTGTG	3
TGTATCGTCAAGTGAGTG	3
GCTCGATCATCATTGAAT	3
TTTGTTAGTTTATCTATG	3
CAATAGAATTTGTTATAA	3
TGTGTTAAAGGTGGAGGT	3
AGGATGTCGTCGTACTAT	3
TTGATTCCCAAGCCCACT	3
GGTGCATACAGGATTAGA	3
TACTAAGTATTCGTGTGT	3
GGGTCCACTGCTTCGGAC	3
GGAGTATCTGGTTGTTAG	3
CATCCCAGTGATTCGGAG	3
TTGTATGAGTGGTGGCCC	3
TGTAATCGTTAATTAGGT	3
CCTGTGCTCGCCGACATC	3
TCACATTAAGTTAAAGAC	3
CAATGTCATGCAATAGTA	3
ACTACGTTGAATCCGGGG	3
ATTCGGAGGCCGGACGGC	3
AAGTAAGGCTCTGATAGG	3
GCAGGTTTAATTGGCTTT	3
GTTACCTCCGGGCGAATG	3
GTTCCTCTAGAGAAATCA	3
GCAGTGGACTGTGTATCG	3
GGGTTGTTTTGCAGCAGC	3
TTATTTCTAAAGAGGACG	3
TCCCTGGATCGTTTCGCT	3
CTTCTGTGAGATTTCTGT	3
GGCGCCAATTCTGCACAC	3
CACGCGTAATAGGCTTGA	3
AGGTCCTGGAAAACCGGT	3
GACCCGGACTGGAGGGTG	3
GCGAAATGTGAATTACCA	3
GGTGGTTGCCTATAGCAG	3
GTTGGCTTAGGTGAATCG	3
GCTAATTCATCTTTCTAC	3
GTTCATTCCCCTTTATCG	3
GCGTAGGAGACGCATGTG	3
TACGGACTATCGTGCTGG	3
TCAGTTAGTGCGATCTAC	3
TTTTTGGTCGGAAGAGGG	3
GTGCTTCAGATTTGCGGA	3
CTTGCAAAGCTATCGACC	3
CGTGTCCCTAATTTTCAG	3
GTTGATGGCGTTTAGCAT	3
TGTGCCATGGGTATCCAG	3
CTGCTTGGATGTTTTCTG	3
GGCCGTTTGATGCGGGTT	3
CACGAGAGACATGCACTC	3
TGTGATCTTAGAGTTTAT	3
GTTTTGTAGGTGTTATCG	3
TTTGTCAGTCAGAGGAGC	3
TGGATACTAGACAGACCG	3
GCAGTTTCTGGCTGAATG	3
CATTCGAAGTAAAGAGGA	3
GAGGTTAAGATGCTGCGT	3
TAAGCCATCGATTGTGCT	3
TTGACTTGGAGATGGGTT	3
TTTGGAGTGAGTAGCGAT	3
GGTGTATGTTGGATTGTT	3
GTCCTTAGTCAGGTGCTC	3
TCGGGGAAGGATTATGGT	3
CTATTAACTAATGTATAA	3
CAGGTTCCCGGTTAAAGT	3
TGCCTCCAGTCTATGGGG	3
ATGTTGACGAGGTCTTTC	3
TAATTTGTCAGCGTTGGG	3
TTAAATGTAGATGCAACG	3
ACCGAAGATTTACGAATG	3
CGCCATCGGTTTTTATTT	3
GGTAGTACAGATATTCAG	3
TATGTCCCTCGACGTAGC	3
AGTGTTGTACTTTAACGG	3
TTGCGAAACTATATTACA	3
GACTCTGAGGTGATATAA	3
GATACGTGCTGCGACTTG	3
TCCCTCTTCGGAAAAGAG	3
TGACTTAGGGGAGGTCCT	3
AGCACCTGGTAGAGCTCA	3
TTGTCTGTTTCGGTATAC	3
TAGCATGTTATTTTCCGG	3
TACCCGTTTAGTTCGTCG	3
TCTATCGTATGGACGCCC	3
CCCTTTCCGATGTAGTTC	3
GCCGTCGACATTGGGCGC	3
TGGTACATGTAAACACAT	3
AATTTATCCCCTTGTGGT	3
ATGATTGTTGGTAGAGGC	3
AGTTAAACTTTGCATGTT	3
CGGGCGGGAGGGGTGGGC	3
TGGATCCGTTGTGCGTAA	3
TCCGATTGATTTCATGGC	3
GGACCAATCTTAGATAGG	3
AATTAGCAGTGTCTTGGT	3
GTGTGATTTTATGAAAAC	3
GGTTCGCAGTTTTCGCGG	3
TCTGTCGGACCTGAGGCC	3
GATGTGGGACAACGTCGG	3
CAAAGTCAAACGTGGGGA	3
CGAGTAGTCAAGGCTTTC	3
AATTGATGAATTGCGCGC	3
TACAGTCATATTAGTGAT	3
GCGTGAGATTCGTGGACC	3
AAGACGTTGTTGCACCAA	3
CAATAGTCGTCCTGAATG	3
CGGCAGAATCTTCGGGAT	3
CGGTCACCCTAGCTGGTG	3
TGAGGACTCATTGACTGT	3
AAGTGCATTAGTGGGGTT	3
AGATTATTCAGATGGGGA	3
AATTTAGGTAGGCCGGTC	3
GAGTTTGGAATGTCTGGA	3
ATTAGGCGTGGGTTACGA	3
TGCAGTTTGTAATCACTC	3
TCGGAGCCTTGAGATTGG	3
GACGCTACCAAGCCTCCA	3
ACGGTCTTGCCCGTAATT	3
CCACTGCCGCAGGGTTAG	3
GCTTGGAAGTAGTGGGAG	3
TGTTGTAGGTGCTTGTCG	3
ACTGGTCAGATTCTGCCG	3
GTAATATGTGGTGGGGTA	3
TGTCCGGTGAGTCATATC	3
CAGACGAGAAGGGAGGCC	3
GTGGGTAGCCTCATTGAA	3
TTTTTGGACCCGTTAGTG	3
CGTGGGACCCTAGGTTTA	3
TTTGCCGATAGTGTTCGC	3
CTAAATGTGAATCTGGAG	3
ATTTAATTTGGAAAATTT	3
GTGCATTGACGGTCTGAT	3
GTCACGCTGTGGCGATTT	3
ATATGGGCCCCACATTAG	3
CAAACTCAGGATTAGAGC	3
GACTCTCGGTTTAATCAC	3
ACGAAAATGAACTTCCTT	3
CTGACATAGACTATCGTT	3
ATATGAGACCGGATTACT	3
TACATTTAATTTACCTAT	3
ATTACGGGTCAGGGTGAC	3
GTTGTTTTATGCGACGTT	3
ACGGACTTTGTGATATCT	3
TGTTTGTGGTTACTTGTG	3
ACGGGTTGAAAAAATGTG	3
GGTACGCTGTGGAATCAG	3
GACTTCTTTAAACAACAG	3
ACCACGTTAGAGTAAGCA	3
TGTCGTTTGTGTGGAGGC	3
CTTTGGGCGGTTTCCGGA	3
CATGGAAGCGTTCTGGAC	3
GCTAGTGTTAAGAGTTTA	3
CCGAATGCGCGCTGTTCC	3
GGTTTAGGGCGGGATTTG	3
TGATGAAGTACTTAATAC	3
GGAAGGCGTTATTTTCAT	3
GGTTGGGTAAGTGAATCA	3
GCGAGCCCTTGAGTGACT	3
GATAGCGTCTTGCTTTCG	3
CTCAGTTCGCGGTGTGGT	3
GGATTGTTTGGGCGTACG	3
TTACCGTAGTGGCCTTTT	3
TTGAAGATCTGGTTGCCA	3
CTTGTTAGTCAGAGGAGC	3
AGGCAGGACGGTTTCGAT	3
ACTGTTTAGATTCCCAAA	3
GGAAAGCTTATGGGGGCT	3
GGTTTAGGTGGTTCCATG	3
CGGTACGCGGTGTTATTG	3
GCATGGTTCCAAGCGCGA	3
CACGGGCACATTAGGTAT	3
CGGTGTGGTGCTAGACTA	3
TTTCGTCGTGTCGGGTGC	3
ATACTAGCCGAACAAGTA	3
TCACAGCGTCGACGTATG	3
TCTTGATATAGAGGAGCT	3
TCGTTCCAGAAGTTATGC	3
AAAATGGCCCGTTTCTAG	3
TAATGTGGTCTCAGCATC	3
TTAGGTTTCAGGTTGCGA	3
TACGTTTCTGAGGCACGT	3
AGGGCGGTCGATTATCGT	3
ACGGAGGAGGCCCCTATC	3
GTTTTACGAACCTGTGGT	3
GAGTATTTAGATGGCCTG	3
CACTTCATTTTGGCAGCA	3
GGAGTTTAGGGCTGGGTA	3
TAAATTTCATAAAGTGGT	3
TCGTATCGCGATAGCGGG	3
CCAATCCAAGAACATGGT	3
GTACTTGGAGTGAGTGTC	3
TTTAATGCTTAGTGTGAC	3
GCTGGTGCTAGTCTTTGG	3
TTCGAATCTGAAAGAGTG	3
TCGCCGCCTGGGTGTAGT	3
AAATTCACATCTTAACAG	3
AGAATTTCGGTCTTGTTA	3
GGGATTGGGAGCAATCAC	3
GTGAACCGTTTTAAACAT	3
TAATGTTCCGGACCTGAG	3
ATGGGTTGCGATAGCGGG	3
GTCGGTGTCGTTGTTGGT	3
GGGTACCAGTTGCTTAAG	3
GTAGTTCATATTTAAATC	3
TCGGCGAGTCTGATCCCT	3
GTATCAGATCGTTACCTG	3
ATTTGATTGACGTTTATT	3
CGACATTGTTGTCGGATA	3
TAACCTCTTTACCGGCTG	2
TCAGTCCCCCGGATAAGT	2
GATGCGGATCCATTTTTA	2
ATGACACAGGTAGTTCGG	2
CTTAACTCTAATCTTACC	2
AGTGGACCAGATCGCAGT	2
CTTAATGCTTAGTATCCC	2
TAGGTTTCGTCTAACAAC	2
AATCAAGTTACCAAGTTT	2
TATTGAGATGGTTCCAGT	2
GGACCTGGGGTGTGCTGT	2
ATTGGTTTTGCGGTTGAC	2
GCTGGTCGAGGTTTTTGT	2
CCCTAGCTTACGGATGTA	2
ATTTTATACAGGAGTTAG	2
GAATCATCCCGTAGCGTT	2
TCTGAAGACTAGTCTATA	2
GTAAGTGGATTACGTCTA	2
GCGAGTTACATATCGCGG	2
CGGGTGTGTGGCTTGAGA	2
GAATGACGGTGCCGTGGG	2
TTTTATAGTGTTACCGCC	2
GCGGCGGTCCGCGCGGTT	2
ACTCTTCGCGTTTACTCT	2
AATACTAATTGGTCGGGT	2
ACCTAGTACTCTCATGCA	2
GGTGCTATGAATGTAACT	2
TAGTAGATACTTCGCCTG	2
GCGCACGTAACTAGATGT	2
GTTCATACGAGACTCTAG	2
GACCCTTTCTAATGACTT	2
ATAACGCAGAAGAGGTGC	2
GTCTTGATTATCCTGTTC	2
ATAATCATGAATTTGGGG	2
GCAACTGTCTTGCTCGTT	2
ATAGGCCTGGTGTAATCT	2
TTGTTTTGTCTACACGTG	2
CTTTATCGTATTCTAGGA	2
TAGTGAAAGTCACACGGT	2
GGACTCTTAACGGGGACA	2
GAGATAAGCTATGTTTAG	2
GATAGCTTTCCATGGATG	2
CCTTCTTACTAGTGTTGT	2
ACTTTTCTAGAAGTTGGC	2
CTGGTATTCTGTGTAGCC	2
CGGTAAGTGGGCTAAAAG	2
ATAGGGGGCTCATCGGTA	2
ACCCGGAGGCACGGGCAA	2
AGTTTGGTAGATATTAGT	2
GTAATGTTATCGTCTTCC	2
TGTCCGGTCTAGGAGAGA	2
TTCGGTAGTACCGCTATA	2
TCTAAGTATAGGTCTGAG	2
GTTAAACAGCTAGAAGTA	2
CTTGTTGTTGTAGGGTCG	2
TGCAGCACGTGTGGCTCA	2
GGAGGTCTAGGCGTCGCG	2
AGGGTTTCCAGGCGTGAA	2
CTATATTGAAAGCTTGTA	2
GTACAATTATCGTCTGGG	2
CTGATTCAGGGATATCAG	2
GGCCTTCCTTCACCATTA	2
TATTTGTCCGCTGCGATC	2
CCCGCTTAGAAATGGTAC	2
TGTTTACATACATAAGTC	2
GCCGGCTAAGTGAGGAGA	2
CTTTACAGAATAAGGTAG	2
CGCCTGTGTGGGGCTTCT	2
TTGCCCTAGGGTTGGTCG	2
GAATTGCGATCTTCGTGG	2
CTTCCCGCGCAGTTAGGC	2
CGTCGAAGTTCTTCCTGA	2
AAGCCCATTTATATATTG	2
TCGTTGGATGATCGAATC	2
GTTCACGTGTACAGTTGT	2
TGTATTTGAGTTGGGTCG	2
TTAGTCATGTATACTGAC	2
TTTCCGACCTGTTCGGGC	2
AGTTAAGGCATTTGTGTG	2
CTCCTAATATTTGGGGAA	2
ATAGAGCCCTCGACTCCG	2
TTGTGTTTTTTGACAGTT	2
GTTGAGTAGTACTGAGTC	2
GTTGTATGGGAAAAGCTT	2
GGTCTTTGAGTTATTATC	2
GCTATTTAATCTTGATTC	2
CCGAAGTGTTTGATGGCG	2
CTGTTTGATGTCGGAATT	2
GTGTAGCGTTCGATTGAA	2
AAAGGTCGACTATCTGCC	2
TGGATGCTCGGCTAAAGG	2
CTTGGGCGCATAGAGGGT	2
TCGAATGTATCGGCAGTG	2
TGATCAGGGGTCGATCAT	2
GTGCTCGGGTATACGGTG	2
GAGTCCGTGTCCGTCTCT	2
CGGTCCGGGCGCAATTTT	2
TTTGTCCTCGTGAAACGG	2
GCCGTAAGTTAGACAAGA	2
ATTGTGTGAGGTTTGCGT	2
TTGGGGAGTGGTCGATGC	2
TCTGTAGGTTCTATTAGT	2
TCGGGAACTACAATGTCT	2
AAGAACATACGCGGACTG	2
GTCCGGTACCGCAATTAA	2
GCTCTGCAACATGTATGC	2
ACCCAGCCTCCTCTAAGA	2
TGCCTCGTTGGCGACTGT	2
TTCTGATCTTAATCATTG	2
GTTGTTATGCCTGGGGAG	2
TGTGGGCGACTGGGAGCC	2
GTAATTGTGTGCAACAAT	2
ACTGGTGTAGATACACAC	2
GACTAACTGAGGATGAAG	2
GTGTTGGGCACGTGTAGA	2
GTGTTCTGATGTGGGGCT	2
CGATATTTGGCGTCTAAA	2
CAACGATACTCAGCAATC	2
TCACTGGTCCTATCTATT	2
AAATTCGTTACGTTCTAT	2
GACGTTCTCAGGACCTGT	2
GCAAACGGCGAGATTGTG	2
GATCTTTATTAATCTGTT	2
GTGTTGGTCTGAATTATG	2
AGCGATCCAACGGGTCAT	2
CCGTACAAGGGGAGATGG	2
GAGATATTAGCAGTTCGC	2
CTGTGAATGCTAGGGGTC	2
CTTACATCTGTATGTCAG	2
TTTGGACTCGAGCGTTGG	2
GGGGTTAAGGATGTGGCG	2
CTTTCATTCTTTTGTCTG	2
CTGGAGTTAAACATACGG	2
TTGGCCTTTCACTGAGGT	2
AGTTAATGGAAATTGCAA	2
TTTGCCCACTGCTTAACT	2
TTTCACTTCATGCGGGTG	2
TGGGAAAGGTTGGGGGTA	2
TACTGATATGGGGATCAT	2
GCCACGCTGTGTTGTGTA	2
TCGTCTGCTGGGCTGAGT	2
ATGGTCGTTCTTTAAGAT	2
TATCGGTGCTTTTGAGAA	2
GGTTGTCCTTTTATAACT	2
TTTTGTGTCATGTGGTTG	2
TATATAAAATATAAAGGG	2
GCTCTAAGGCCTATGTTC	2
TTGATATATCACGCAATA	2
ATATGACAGTGCTTGTGG	2
GATGGCGGGCGCAGCGTT	2
TGTTACAAACAACCCAGG	2
TAAGGGTGTAATGTCTTA	2
CTTAATAGTCAGATGGCT	2
TTATCACATGCGCGTATT	2
TAGGGTAAAGTGCTATTC	2
TGTGGGTGATTGTGATCT	2
TTGCTATTGCGGACAGCA	2
CGCGGTACTTGGATGTTG	2
CGCCCGGGTACAAGTGAC	2
GCTTGGGGCCTGTTGGAG	2
TAGGTGTAATTGGTCTGA	2
CGAATGTACTTCGATTTT	2
ATGTTTACGAGGAACCGG	2
GTAAGACAAAGTACGGAT	2
AGAACTTATTGTTGAATG	2
CCTTTGAAGTCGCTTGGA	2
AATTTAGGATTACTTCAA	2
AGAACGATGAGGTGGGCG	2
TTGTGGATCAGGGTACCT	2
CGGGTTTAAGAGAGCCGA	2
GATTTTGATCGTTATTGT	2
GGACCGTGGGCGCTGATT	2
GAGTAAGTATAACTCGTT	2
ATGGTTTGCAATTTACTT	2
TCAAGCTGCACGTAAGGG	2
GACTGCAATTTTGTTATG	2
GGCGAGCTTAACTGAAGA	2
TTAAGTGGGATCTGAAAA	2
GCGGAGGGCGTGCCCGTC	2
GAGATTAACAGCCTGTTG	2
AGTCAGGACACATGGTTG	2
TGCTATGTTTTGGTAGTG	2
CCAAAGGTTTTGCGGTGT	2
CCCTACTGTGGGTTAAAT	2
CCGCAGAGTTGCGCGGGG	2
GCCTGTACGGAGAACATC	2
CAAAAATGCTGACCTCAT	2
ACTGCTTCCTGAGTACGT	2
TGCTAGGTGTGTAAGAAT	2
TAAGCTCACAAAAAGTGT	2
TTTCCTACACTATCAACT	2
ATGTGGCTTTTTTCAGTT	2
TTGTGTAGGTGAGTTTGT	2
ACCCAGCCTCTTTTAAGA	2
CCACTGTTTGTGGAGCAG	2
TTTTGGGTTCCACTTTGG	2
GAGTCTACTACTAGCTAC	2
GCTAAGCTTCTGGAATTG	2
TATCCTGTAATCAGGACA	2
CCGCAGAGTTGCGCAGGG	2
CGAGGGTGTCTCCATGAC	2
CGACCCTATATGGTTTTG	2
GTTAATCAAGTGTATGTA	2
GGCCTTGATATTTGTTGT	2
AAGAGTGATGGGCGATGA	2
CATTATACGTGGTGCGAT	2
TGGCTGTGTTTTACCAAC	2
GATAGGTATTTGCCTGTT	2
CACAAATCTGGTTGCGGT	2
TAGCAACCTTAGCCATAT	2
AGTGAAAAGAGACGCGAC	2
CGCAAGTGGTTTGTTGAA	2
ATCCTGTCTTATTGTGAT	2
CATTCGGCAGTTGTATCT	2
GTCAGCGTGTCAAGGTCG	2
TAGTCTGTTGAGGGCTTC	2
TTTACATTTCCGGACCCC	2
CTTTTGTTATGTTGATGG	2
CATCCGGGTCGGCCCGGG	2
GTAATAATAACGGGCAAA	2
GACACTCGTGAAGTATGG	2
GATATTTTTCAAGTCATC	2
TTACAACGTACTGAGTTA	2
AAGGGGGCTTTCCAAGGT	2
GTCAGGGGTCGATTAAGT	2
TAATGCCAGAATGACCCT	2
CCGCTACCAGGAGACAGT	2
CCTAGAAAACTTCTTGGT	2
GATACGAGAACTTTTCGG	2
GCTTATATATCTTGGAAC	2
TAGCCTGAGCGGGCATGG	2
TAGATTCGTGTGGCCTTT	2
GGGTAAGCGCCGAGTAGG	2
CGAGGCACCAGCGCGCCT	2
TCGGTTTCGCGATATCCA	2
GAAGGCATGCGTTTCCTG	2
CTATAGATGAGAAACAAA	2
TTGCTCACATGTCTGAAT	2
AGGCCCAGTGCTATTCCC	2
TGAGATATGGAGATTGTT	2
TCTATAAGTAAAGCGGGA	2
GTTTACAATGGGTTTATG	2
TAGCTCCGTATCGGTTGA	2
GCTTATATACTTTGGAAC	2
GTAATATAACGTAATAAT	2
ATGACTGTTGAGGGAGCC	2
GGTATAGCGTGTGCTCTT	2
CTAGCCGGATGAGGGTCA	2
GTATCCTAGAATGTCAAG	2
CGCTGCGGCCTTGTAGCT	2
AGTGGGACATTAGAGGGT	2
TGCCCTGTACGTGGTAAT	2
AATCTAGCAGAAGTACGT	2
GGTGATGCGTGGCAGTTG	2
AATTTCATTTGCAAACCC	2
CGCCTGCTAAGCATGCGG	2
CGTCATCTGATGTCCTCA	2
TTTGTTAGTCAAAGGAGC	2
TAAGAATACTCAGTTGTT	2
CTGGTCTCTGGGCGGGTG	2
CCATGATGGGTTTTGCCG	2
GTTTAGGTTCTCGGAATG	2
GGTTTGAGTAATGTCATA	2
ATATTACATGAAGCCTTG	2
AGGCTGGATTGAGGTGGC	2
ATTTAACAATAGCGGCGC	2
ATTAGACTTTCGCGTTGT	2
AGGAAGTTATGGATCGCC	2
CATGTCAACAGTTCCGGT	2
CAATCCGTCTCGGTGAGC	2
AAGTGCTGTCATTATGAT	2
GAGCTCATGCGTGTGCCA	2
GCGAACGGGCGTGCCTTT	2
CGACTATTGGGATGTTAT	2
TGATTGACCCTTATGCTG	2
CTTGGCAAATTCTATCGG	2
TGTACTTCAAACTGGCTG	2
CTGGGCAAACGGCTGGGT	2
GCTTATACATTTTGGAAC	2
ACCCACGATGCCACCATT	2
CATCACTTAGCTTTATAG	2
GTTAAGTTATTAAGCGGT	2
TCTACGTGAGGTGAACAC	2
GTGTTGTAATATCCTTTG	2
TAAGTGGTCTTGGGTAGG	2
GAGTTAGGAATTATCGAC	2
GCCATCAATGGGGTGTGA	2
CCTCTAAGATTGTGGTGC	2
CCTTGGACCTTTAGTGCC	2
ATACGGTCACCAGCGAAT	2
AGTTCGAAAGAGCGGTAA	2
GTTATGGCACGGCTTTAG	2
TGTGACCGGGCGAGCCTG	2
GCGGAGATCCATTGTCGA	2
TTTGCGCTCTGTTTATTT	2
ATAGACGAGTGAGATCTA	2
TTCACTTCAAGCTTGTGT	2
GTGAGGCATTATGTTTTG	2
CACTTGCGCAAACGGGTA	2
CTTAAGTTCATCGTTCTG	2
TCGTCTATAAACGCTTAT	2
TGTATGCTGTTCAGTGAG	2
TGGCAGTTTCACGCTATG	2
TACGGCCCCAGTGGTGTG	2
GTTGGTGCTTCTATTTGG	2
GCATCTCGAATAACTCCG	2
AATGTTTCGGTAGATTAT	2
TCTTAAGTGCTTCGGCTA	2
GTGGTAAGGGTTATGGTG	2
ACGTCATCTTATGTTGCT	2
CAAGAGCTTGAGGGAGGA	2
GTGGCATAGGAATTTTAC	2
CCGATGTATCGAACCCGT	2
ACTTAGTTTTGATGGCCG	2
ATGTTTCCACCGGTTATG	2
TTAGTGCAAGGCCTTGAT	2
GGGTACGCCTTGTTCATC	2
GATGTTGACCCCAGGGGC	2
TCGGCGACTGCCAGGTGG	2
TCTAATCAGTGCGTGGTG	2
ATGTGCAACACGTGTTTG	2
CTAGGGAATAACCAGGTA	2
TCGGCAGTCGGGGAGCGG	2
GGGTATTTGTATTTAGTG	2
TTGTACTCGCTAGATCGG	2
TTGGTTGTTTCCTGGTCT	2
ATACGTCATTTCCGCTCC	2
TTTGGTCTTGGTGGACGA	2
CTGTTATTGTTTAAGTAC	2
TTGTAGTTACCGGAGTGT	2
TGGGCGTCTGTTTGACGA	2
TGTGCGGGGTTCGCGTGC	2
GTTATGGGCGCGTCGACG	2
TACTTCTTCAAAGTGGAC	2
AGTGGTAGTAATTCCACT	2
GAGCCTTCCATATAAACT	2
AGTCGTGCTTCGGTTGGG	2
TGTGAAGGATTTTGGGTC	2
CGACGATTGCCTCTTGTG	2
GCCAGTGGTCTAATTGTT	2
GGTTTAATCAGCTTGATA	2
TGTCAGTGCCCCACGGTC	2
TTGATTACTGGGTATGGG	2
TTACTATGAGCGAGGAGC	2
GGAGTCCTTTCTCATTGG	2
TAGACGGGGAGACGTCGA	2
ATCGTCATGAGTATTGTG	2
GCATCTGGGAGGGTGCGT	2
GGTTGGAACGATTTAAGG	2
GTTGGGGTATTGGTGTCG	2
GGTGTGAAGGTCCGCATA	2
CTTCGTGCTTCTAATAGG	2
TTCGCACTTGCTATGTTG	2
GGTCCAGTCGTACATATC	2
GAGTTCATTTACTTTGGT	2
CATTTCGTTACTCGGTTC	2
AGTGGGGAAACGATCCTA	2
ACGTACTGCTAATGTGAA	2
CGAAAAGTCAAAGGAGTG	2
CCCTTTCCGATGTAGCTC	2
CTGGGGGAGTGGATGTTA	2
CGTTCCTGAGCTTGAGGG	2
TTTGTTAACGGCAGGGGA	2
AGAGAGTTTTGTTTTAAG	2
GGACCGCGCAGCTCTTGG	2
GTCCGGTGCTGCAACTAA	2
AGCACGGTTGATTGTTGT	2
GTGGCGGTCCGCGCGGCT	2
TACTCGTGTCACTTGCAG	2
GCTGAAATGTGTTCTAGG	2
TTGTGCACTTGAGCGTGT	2
GGCGTTATTCGGTGGGCG	2
CTGTTTCCATGTATCGCC	2
TATACGTTTGAGTATCAG	2
CGGAAAAGAGGTTCGAGT	2
GGCTGGGGCCCGGTATCG	2
GCTAAGCAACGGGGCGGG	2
CGAATAAGGCTTGGCAAC	2
GGAAGGACCTCTTTTGCG	2
CTGACCATCCCTTTCCAT	2
GCCACATGTTGTTATTCG	2
TGGAGGGGACGCGTTGGT	2
GAGCCCGGGTCGACTGAT	2
TGCATCGGTTATGTGTTC	2
GTGGGCCTGGGAAAATGT	2
AGCGCGTGTGGGGTATGT	2
TTGTTGGTAGTGTTTTTC	2
ACTTCCTAACTACGGGAA	2
GGTGGCATATGCGCCAAG	2
GCTCGGGAAAAGCTCTCA	2
TGGTGGGGATGTCTAGGA	2
CGTATAGGGAAAGGGCGA	2
CGCGATTTCGGGTTATGT	2
TTGGGTTACTGATTGCAT	2
GTATTTTTAGCCAACGTG	2
TTGATAGGGACTCCATTC	2
GACTTCGTTGGATGTCGG	2
TTATACTGAACGAAGTTT	2
AGAGAGGTGAACCTATTC	2
CCGGGTCGTAGGGCGCAA	2
GGATGTTCCAGGGCAGGT	2
TAGTGGTGCGGAAATGAG	2
TTGGGATCTCGTTGTTAG	2
GTACGCTAACGTGGTAGG	2
TGTCGGTGTGTAGGGGTC	2
TGATCCCTCTGTTTTAGT	2
GAACTGGTGTCCATGGTT	2
GGGTTGATACTAGTTGTC	2
TATGAGGTGAATCTCGGT	2
AGTTGCGTGTAAGCCGGG	2
GAGTCCTTCTGAGTCTGG	2
GGTGTAGGTGAGTCATCG	2
TTAGGGAAATGTGTTGTT	2
GCCTGCCAGATTTTGGTC	2
CAGTTTCGTTGTTCTGAC	2
CATTACCTCTTCGGTCGG	2
GGTGAATGATTATATTTC	2
TGGCGTGTAGGCTTCGGG	2
TACGTGGGATGCTCTCTT	2
GCAGTTGGGTATTGTAAG	2
TCGCGTGCGCATGACGAG	2
CTTGTTTAGAAATTGGAG	2
GCTTTAAAATTCTCGTGG	2
GTTTTTGGTGGATGTAGT	2
CCTTCCATGTTGGCCGTG	2
TTGTTTGGGGGATACAGG	2
CTAACGATGGCGAATTGC	2
GTCCACGCATGTGGGTTC	2
CAAGCTCACTCGTCGTTG	2
GTCTTGGGTCAGTCAATT	2
TGTATTATTCATTTTTTG	2
TTGGCGCGGTGAATTTTT	2
TTTACGGACGGTAGCTGC	2
TTAGTCTCATTCTCCGAC	2
CCCCCGGGGCGGCGGCCC	2
ATTCGAAATGGTGCTCTC	2
ATATTGCCAGTTTGTGCT	2
AACGTCGTTGGGAGAAGT	2
AGAGTTATTCTAGAGGGT	2
TCGGTATATGGCGTGAAT	2
AGGCGAATATCTATAGGT	2
GGGACGATCGAAGAACGT	2
GGGGAAGCCAGATTAATC	2
CAGGTTTTTATCTCAAGT	2
TCTTTCATGGTAGTCTGT	2
AGGTAACGATTAGTCAAT	2
GGCCTTGCTCGGAGAGTC	2
CCATATCTAACGCTTTAG	2
TTTTTAATTCTTGAGTTT	2
TACTCTTGTACATTAACT	2
CAAACGTGTTTACCCAAT	2
GACATACTTATGTACGTG	2
TATGGATGTTTGCGTGTG	2
CCTCTTTGGTGAGTTTTG	2
ACGAGACACATGTGTCCT	2
ACCGTTGATGATAGAGAT	2
CATCCTGTTCTGAGCTAA	2
GTAATTGTGCGTAACAAT	2
TCAGGTTTGTGTTAAGTT	2
GAACTGTTTATAGGATGT	2
TCTTGTTATGCTTTCCGG	2
TCTGCCTCCGTTTGTATT	2
ATCCTTTGGATTATTGCA	2
GCATCATATAATTCAATG	2
TTCGTACTCGTCACGGAA	2
TAGACTTAATGCAGGGTT	2
TTCCCTTGTAATGGCCTG	2
GGCACGTTAAAGGTAATT	2
TGCAATCGACCGGAAGTC	2
TAGGAAGCCTGTGCTAGC	2
GGTTCCGTCTGAATAGGT	2
GTCACACAGAATTTAAGA	2
GGACTAGTCGCTCGAGGG	2
CAGCGGACACGTAGACGA	2
TCTTACCATTGTTAGTCG	2
CCTGTGCACGGTTTTACA	2
GTCGGTAATACGTGAGCT	2
TCTCGGTGTAGGCTAGTG	2
CAACCCCATGCTATTGTT	2
AATGTACGGTGTGGCTGG	2
CCGGTAGGTCGTGCCTCT	2
ATATAAGCTCTTTGGCAG	2
TAGTGCTGTGGGAATAGT	2
AGTCATAAGTTGTTCTGT	2
AGGGATGCAATTGGCCAG	2
GTTAACCTTGTGGGTAGT	2
GACCAGTTGTATCTATAG	2
GTCTTGACATTTGTATAT	2
CATCGGCCGGTGGTTGTT	2
CTAATTCACGGAATTGCT	2
CGGATTAAGTTGTCACAG	2
ATAAGTTGAGGAGGTTGG	2
CATATGGCCAAGGGAGTG	2
TCTAAGTTTCATAGTTTC	2
AACCTGACCTGCATATGG	2
GCGTCGCCTCCTTGAATT	2
TGGCAATGCTTAAGAGGT	2
GTAAGCGTGAGTCGTTGG	2
AGTGGAAGCGAATGAGGT	2
CCGCATGATTTTGCTAAG	2
ACTTGAGGGGTATCATTA	2
GAAGCTGGGGGCATTATA	2
GTGGCGGCCCGCGCGGTT	2
AATGTCTGGATTTCGGCA	2
AGTAGGTTCTGCGCTGCT	2
AGTCGCGTGGGTGAAGTC	2
AGCAATACCACTCTCTGG	2
TGTATCGACCGCCAAGAC	2
TTAAGTCTGAAAATTCAG	2
ACAGTCGACCTGGTGCCC	2
TATTTCCTAAATATTCTG	2
GCTAGACAATATGTGAGG	2
GCCTCGTATTTTGGTTTG	2
AATCTTCGTGTTGATCGG	2
TGGGGTTGCACAAGTGAT	2
TTCTCGGGAGCAGTCAGA	2
AAAGTCTAATTCTGGTTT	2
GGTACTAGACGTGGTCTT	2
TTTTACTTGCAACTTACA	2
TATCTTGGAGCGTTTGCC	2
CGTTTCAGTAGGGGGGGG	2
AGCGCGTCCGGGGTTTCC	2
GGCTCAAGAGGAGGGATC	2
GTCGTAGTGTGCTGTTCG	2
TCTTTAGATTAACCCCTG	2
TGGCTTGGTAGGGCAGGT	2
ACTTTTTCGTGTCGGTCC	2
GTCTGCGCAGCTAGTGTG	2
CTGCAGGCTCGTATACGT	2
AAGCTTACAGTGTCCGAG	2
AAATGGGCTTTTATATTG	2
TTTATAGTGTTGCCGCCT	2
ATCATTCGCGTGATTCCA	2
TTCGGGTTGTTTGAGTGG	2
GGATCCTATTAGTCAAGG	2
GTGTTCTGCTAATTGGCC	2
GATGGCGTTGCGGGTTAG	2
AGGTTTACTAGAATAGCT	2
ATAGTTTCGAGCCGTTTC	2
GGCGCTGGAATGCTGCGA	2
TTTCATTCCATATTCGGG	2
TATGTGGGCTACTTGAGG	2
TTTAGAACACTGGTTATT	2
GTCCACTTTTCTAGGTGT	2
GGGAAACCCCCAGGTCTG	2
TTTGGTGGTGCTGTGCGT	2
CAGTGGTGGTACCGTAGT	2
CGCTCCGCTGGCTCCAGA	2
ACGCGAAGTAAGTTAGTC	2
GTGTCGAGTCAATCGTGT	2
TTTTTTACAGATTTGATG	2
GTGACGTACGTACAAAGG	2
GGCTAGGACTCGCGCGGG	2
TTTCAGGATAGCGCTTTG	2
ACTATCAATGTTGAGCGC	2
GATAACTTATTTATCAGG	2
GTTGTAGCTAATCAAATG	2
GTTAGTTGTTCGGTGAAG	2
GTTGTAGCCTGTGGTGTT	2
CTGTTTTGCATCAAGCAC	2
GATGGGGCCATTTGGCCG	2
TGTTTAGTTTCAGTAATA	2
AGATTGCATGTGGCGTTT	2
CCGAGGGCTCCTGGTTCG	2
TGGCGTAGGAAGGGTTGT	2
GGCGAGGGTCGTTTTGCG	2
TGTTGACTATTATCGCAT	2
GGGTCATTTAGTGCTCTC	2
GGGTTACTACGGGGCGTA	2
AGCCGCGTTGTCCCCGTC	2
GGCAGGGTCACGGTTAAC	2
TCCTGTTTTTCAGGATAT	2
TTTGAAAGTGCTTGGTAT	2
ACTGGTTAAAGTCGTCGG	2
GACTAAGCGGAAATTTTT	2
GTAGCTCGAAGATCGTGG	2
ATCTAGGCGATTTGTACA	2
CGTAAATTTTTGAACTGT	2
ATTAGGGTTTGCTACTTC	2
CGGTGTTAGGTGGTTTCA	2
TTGATCTGTTAATCACAT	2
TTCGGTATTAGGCGATCG	2
AAAAAGCTATAATTTGGC	2
GCGAAATGTGAATCACCA	2
AGACACGTAGATTTCGTT	2
TACAGCAAAAATCTTTTC	2
CGTGCAGGGGTTTCGGGC	2
AATTCTAATGAAAGACTA	2
GTCCACCGCAATGTTCCC	2
CGGGCTGTCAGCGTTTGG	2
TTTGTATTAGGATGCCTA	2
AACGTGTGTCGGCGGGTT	2
TTTTGCGCTGTCGGCCCC	2
GAGCACGTGGTATCAAGC	2
GTTGTTTGTATATCCACT	2
TAGTGGCGTACAGAGTAG	2
ACAACTTTGGTCCATACC	2
TCGTAACATTGCCCGTAG	2
GTATAGAATGTGGTCATG	2
GAGTGGCTCCAGGAATGC	2
GTTGCGTAACGTCCTAAT	2
GGTTAAGTCCCCGGCGTT	2
ATTGACGCTGTCAGTGTT	2
ATACATGGTGAATATCGC	2
CTACTCATTTTTTCATGG	2
CCTGTGAATGGTGGTACT	2
TCCGATACTGGTTTTATC	2
TATTGTGGGGAGGGTTTG	2
GCTTGCAGATCATACTTA	2
TATTTCCCGCCTCCAAAA	2
CATGCCGTACTTGGCATC	2
TGAGATGGTTGGTATGTG	2
ATGTTTATCAAAAGTCGT	2
AATGTTGTCTAGCATGCG	2
TACTGCCTATGGCGCATT	2
CTTACATGAGGGCGGGTG	2
CTTCAGGTGTATTGTCTT	2
TTACCTCAAATCAGAATG	2
GATACGATTACATCTGAG	2
TAGGCGATACGGGTTGTT	2
ACAAATATTCGATAAGTT	2
TTTAAGCAGCATTATTTC	2
GGTTTGAGAACTCGACTG	2
TTAGTGCTAGGCTTTGAT	2
AGTAGGAGTCATAATCAG	2
TCGGATTTGGGTCGTACC	2
AATGACTAGGGAGCTCAG	2
TAGCATCTTGGGGCGGAA	2
CATCTCCTTAAATGCTGT	2
TCCTTGTTTGGATACTCG	2
GGATGTCTGGAGTAGGTC	2
CCGCCTGTCGAGGTATAG	2
AGTCAGCATGGTATCAGA	2
GTGTGCCAGTCTATCGGA	2
CTATGTGTCTTTAGGGTG	2
GGATAGGTAGCCGTTGGA	2
AATTCTGGCTGAGCGGCC	2
ATCTGATAAGTTGCGAGG	2
TATTCGTTGAGGAGTGGC	2
TGGAGGACTAACGACTCT	2
CGGTCTAGCAAAGCTCGC	2
GCCAACTCCGGGGGGATC	2
GTGGTGCCTTGCAACTAC	2
GATCAGTCTTCGTGTCCC	2
TCTAGCGTCCAGAATGGA	2
GGGGTTGTTCTGGGTTGG	2
GGTCTCATTGTTGGTTAA	2
CTGCTTCGTAGGTGACGT	2
CGGTTGAGTCATGCAATT	2
GCTTGGTCGTCGGAGTCC	2
CTATGAAGGTCGGAAGAT	2
GCAAATTTATATTAAGTG	2
AACGGCACATCGTAAAAG	2
GTTTTCTGTGAGAAACGG	2
CTGTGCAGAGACAAGCAC	2
CTCGCGTTGTCCTAGTTT	2
CCATTTGACGACGGGGTG	2
AATGTTTTTTGATGGAGT	2
GCCCTCGGTACGGGCCCG	2
GGCCTGTAGTGTAGATTC	2
AGAGGGCTGTCAGTACGC	2
GCTTGCACGGCCAGAAGA	2
GCGGGGGTTTAGAGCGTT	2
TGTCGGTCCTATCGCACT	2
ACGCTGTTCTTTCTTAGT	2
GTCTCTTTAGGGGAACAC	2
AGACCTATATGCGTGGCG	2
AGACTGTGCGAAATCCGG	2
GGTAGAGTTTGATTATAT	2
AACGGTTCCCGATGCCGA	2
GAACATGAGGGGGGCTAA	2
ACGATCTGATGTTAGTGA	2
CGCGGTCTCTGTTCTATA	2
AGCGTAAAGTAGTTACTG	2
CGGTATGCTGTGAAAGGG	2
TGAGGGCGACTGGAGGGT	2
ATCAAGTTTTTAAGTGGC	2
GAAGTGGATAGGGTTATG	2
GTCCCACTTACTGGACCT	2
GTTCGTAATTGAAATGTT	2
ACTGGGTTACAGGTAGTT	2
GGGTTAGTGGGCGTCATC	2
AGAACGGGTTATCGTAGC	2
GACAGACTTTTTCCTTTT	2
TTACGGCGTCTGCTCTTC	2
GTATGGTGGTTGTACGCG	2
GGTTGTATATCGGTGGAT	2
GTGATATAGGCACTCGTG	2
ATCATATCCCTTGTGGCG	2
AACAGTAATGGGTTTTCC	2
CTGATACGTCCGCTTGAT	2
GGAGCTTATGAGTACAGA	2
TCAATTTACCTTTGTTCG	2
TGCCCTCGGACTGGTCGA	2
CGTCTGGTTGGACTTATG	2
CATGCCCTTACTTTTTCG	2
GGTGCTGTTTCTTTGGGG	2
GCCCTTGCGGGGCGCCAC	2
ATTTTGCCCAGTGTCATC	2
TCTCGGAACCATGGCAGG	2
TCTTATACTTGCTTATGG	2
CTTATAGCAGTGTCTAGT	2
GAGACGTTGGGGGACATC	2
ATGCTGGCTCTATTTTTA	2
GCCGTATAGCGGGTTGTA	2
CGGATATCGGCATGGAGT	2
TGAGCTTGCTTGGGAGCT	2
AATGGGTATCTTATTGGG	2
TTTATATATTATCTTTTT	2
TTTTGGGGTCCGTTAGGG	2
AGGTCGTATTGCTTCCAC	2
TTGATCACATGGGTCTTT	2
AACGGCTGGCGTGCACCC	2
CTGACTTGCTTAGAGAGT	2
ACGGAATTTGATGGGTAC	2
GGAGGTAACTACAGTATT	2
AGGTGATCGTGTTTCAAT	2
CTTACGGTCGAAGTAGCG	2
CTGGACGGATCCATCGGG	2
GGGTCTCATGATAGTGTA	2
TTGGGCTATGAGAGCTAT	2
GTGGTGGTTGTCGGTCTC	2
CGGGAGAAGTGATTCGAC	2
ACAGCTGAATGCATAATA	2
GTAGTAACAACAGGAGTG	2
CGGTTATGAGTTCGGGTG	2
CTCCGAAACTACGGACAT	2
AATTTATTTTAGTGGACA	2
GGATCGCTTAGGGAAAGT	2
CTCGATCTGGAATAACAG	2
AATACTTCACTCGACCCC	2
TGCTGTTTTGTGTACGCG	2
TCATGCTTTCATGGCAGG	2
GATGCTACATGTTCTGTC	2
TGACTCACTTGAGGCACA	2
GGCGGCAGGCGGTGAATC	2
ATGCTGGGGTTAGCCCTG	2
CGTTGGGGTGTCGAGGGG	2
CGCAATTCTCAGCGTGTT	1
CAACCTTGGCGTGGTGTT	1
GTTTGTGCGGGTTGGAAG	1
AGTTCTTCCATTCGGGTT	1
AATTAGTTATTGTGGATT	1
GGATCAGCCAAATCTATG	1
GGAGTGGATGTCAGTTAC	1
ATTCACGCCAGAGTTCCC	1
GAGTGGGCACTGTTTGTA	1
GAGGATAGAGGGCGCACC	1
ACGTTGGCAAAGGCTCAC	1
CTTACGGACGGTAGCTGC	1
GGGCAGGTTTCGTTAGGG	1
GTGTTTGCTCTAGCTGAC	1
GCCGCTTATTGCGCTATG	1
TCCCGGCTTCTATTACTA	1
TACGTATGGGCGAGATGA	1
AGGTATCCGGTATCCTGG	1
TAGTCTGTTCTACGTGTG	1
GTAATTGCGTGTAACAAT	1
TTGCCTGGAACGTGCGGT	1
GTGGCGTTATGGCAAGAA	1
TTTCTGTCAGCTGATATT	1
TGTTGTGGCTGTTAATCA	1
CTTTCTGACGTGGGTACC	1
TTGCGTTGTGGGCTTAAG	1
CAATACATAAGAAGGAGT	1
GTGTGGATTGTGCATATT	1
GTCAGTGTCGCGTGTGCG	1
AGATTGCATGTGGCGTTC	1
CTTACGTACTCTGGAAGT	1
TTGCTATGAACCGGGTTG	1
ATTGTTGTGTGTTGTTTG	1
GAGTGGGCACCGCTTGTA	1
TTACTAGGCCTTGGTTAG	1
TTGTAAGTATGATTCGTG	1
CTGGACCAACACATTGCT	1
AAATGAACATAATTAGGG	1
CGGTGGGTTTGAGAGTAG	1
ATATTCCCGTCGTCCCGG	1
ATGATTCGGGCCACCAGT	1
GTGAGGAGGGGTGGGAAT	1
CTATCTGGCACAATAGCT	1
TGTAAATGGCTGACGTCT	1
CTCTCTGACGTGGGTATC	1
CGGCTTGAACCATTCGCC	1
AGATTTCTCACAAGCTGT	1
CGGAATCGATTGGTATCG	1
CTTGCTTATACCTTCCGT	1
GTGCTGTCAGGCACATGC	1
TGTTTTGGACGAGACGTG	1
TAGAGGCTTGTAGGCGTC	1
AATCTTATCGTGTTGTCG	1
GGCTAACTAAACCAGGTT	1
TAGCATATGCTTGGCTCG	1
GTACCGATTTTTAGAGTA	1
GTGTCGCGGCGACAAGCA	1
GTCAGATAGCGAACACCA	1
TTTACTGGAGCTGCGTGC	1
GGGAATAATGAACTCCCC	1
TCCTAGCTTACGGATGCA	1
GATTCTTTTATTTATGGG	1
AAAGGTATCAAGCCGTAA	1
ATAATGCGTGTGAAGCTG	1
GGTATTGACCGCCAAGAC	1
TATGCATTTCTATTTCAT	1
TAACGGCTAAAGAGCGTG	1
GGGGACGTCTTCTCAAAA	1
GGAAGTCGGGAAATGGGT	1
ACCGGGAGTTGATTTTGG	1
GATTTTGGGTGGACTTTT	1
TCCTAGCTTACGCATGTA	1
CTGATTCTCGTTGTTTAA	1
GCAAACACCATCACATTG	1
CTGTTTGCCTTAATGTGA	1
TGTACTAATCCGGCAGCA	1
CTGCGTTGTGTCGATAAG	1
TTAGGTGGACATGAGAGT	1
CATCTTAGTCCAGATAAT	1
TAATGTTTCGTTGGACAT	1
TGGCTTGAACCATTCGCC	1
CTTTGGCCGGTTTCCGGA	1
TCCTAGCTTACGGACGTA	1
ATAGCAGGAATGATCAGG	1
GCGTCAGCACCTGGAGCG	1
AGTGGAAATGGCGTTGCC	1
GTGGAGCGTAGTGCTAGG	1
AGCGCAGTGTTTTTGTTG	1
TTGATATTCTGATATTTG	1
ACCTCAGGGTTGTCCCGT	1
TGGCTTGGACCATTCGCC	1
TTGGTGGGTGACTGGTTA	1
GATGTCTGCGGTTTTATA	1
TCCAATGGAGTTCTCCGT	1
CTGATCTCGGCTTGGTGC	1
TATCTTGTTTTTCTTGTT	1
TTAATGATGGTCCGTGCC	1
CGATCTATAAGTCTATAT	1
GGACCCTTAACGGGGACA	1
GAGATGCTAAAGTCCTCG	1
GTGCTGGTTAGCCACGTT	1
ATTTGGGTAATGGTCCCT	1
TCGCCGGTAGAAACTTCC	1
GCGCAGTGTGGGCTAATG	1
GGACTTGGGGTGGGCTGT	1
TAGTTTGTTCCTATACAG	1
TGGAGGCGAGGTGGTCGT	1
GGTAAAAAAAGCGTTGTT	1
GGATGTCTGGAGTTGGTC	1
CTTGTAGAGCCGGTCTAG	1
TGCTTTTGACTGGTACCT	1
TAACGCGCAGTTCGCCCT	1
AAATCACAGCGAGGGAAT	1
AGTTCTGCTAGTAGTTTT	1
CAGAGACTCTGAGGTCGT	1
TATCCTCTAAGTGATTGC	1
TATCCAATATAGATTTTT	1
ATTTTTGTTGCGAGATCT	1
AACGGACGAAGTACCAAT	1
GGATCAGCATGTGTAGGG	1
TCAGTATTAAGAATGGGA	1
TAGTGTTAAGTCAGGTGC	1
GATTTGCTTGACCGTGCT	1
TGTAATGCACGGAAAAAT	1
GGCTTGACTTGCGCGGTT	1
AAGATAATGTCCGAAGAA	1
TCTGTATCCCCCGTTACG	1
GGCGATAACTTTAGTTCC	1
AGTGCTCAATTGGTGTGG	1
TCGTCCTGACCGTCCATA	1
ATGATGGACGTTGTGGTG	1
GATCTTGTCCCCTCACAA	1
AATCATTCTGCCCTGTAG	1
AGAAGTGACGGGTTGAGG	1
TTTCCGCCGCTTATTGTT	1
TCTGAACACCACGGCTCT	1
GCCGTTTGCCTGCGGAAT	1
TCGTCCACATTTCAAAAT	1
TCTTGTCAGCTAGTTTTC	1
GTGGCGTCATCGCTATAG	1
CCGGTTTAATGTACCGCT	1
AAGAGTGGTGGGCGATGA	1
TTTGATACAAGCGTCATG	1
GAAGATGATCTTAGGGTG	1
TTCCTCTTCTCACTAGCT	1
GTGGCACGAGCAGTGGAG	1
TATGCTATGTTCAGTGAT	1
CCAGCACTTGGGTGGGGT	1
TTTGCCCTCTTCGGTAGA	1
TCTTGCAGCGGATCAAGC	1
GCGTGTTTTGAGAAGGGT	1
ATAGCTGTGTGCACGAGG	1
GCCTATTGTTGTCAAGAG	1
TGTCCTTGCGTTTATACA	1
CGGTAAATGAGCTAAAAG	1
CTCGTGGGATGTAAAGTT	1
CATCGGCCGGTGGTTTTT	1
CCATGTACGCTATCTGCG	1
AAAGGTTTGTGAGCCCAC	1
GTAATCGGGGCCCTCTGA	1
GGTGATCTTTGCCATGGT	1
GCTCTGCAACATGCATGC	1
TACTTCTTGTATCTTGTG	1
CTTTGCTATTAGCTTTCT	1
ACGATAAATGATCTTAGA	1
GTAGGGGCTCTTTATTAG	1
TCCTAGCTTACGAATGTA	1
GATGATTTTCTCTCTCGG	1
GTCGTTCTTATGTCACTT	1
AAAGCGAGATGCTAGGTG	1
GGATGTCTGGAGTAGATC	1
TTTAAGAACCCTGGTGAC	1
GGATGTATAAAGAGCGGC	1
TGTAAGTGGCTGGCGTCT	1
CAACTCTGCCAGAGTCTT	1
TTATGCTGGTGTCTCGTT	1
CGTGCCCCTTGGGTAAAT	1
AGTATAACAATTTAGGCA	1
GGACTTGGGGTGTGGTGT	1
GATGGGCGACTAATTGAC	1
TTCTTTCGCGGGACTGCT	1
GTGACGGTTTGTCCATCT	1
CAAAGGAGCGAGAGGTTC	1
TTTTCTAGGACTGTCGGT	1
AGTTGGGAGGAGCGTTAC	1
TATGACTTGCAACAAATT	1
ATTTAATTTGGAAAGTTT	1
AGTGTTTGCCGTTTGACT	1
GGTGGAACATATAAAAAC	1
CCGTTATCTTCAGACTGG	1
AAATAGAGCTTGACGATT	1
GAGGTCTATTGGGACGGT	1
TATGCTGCAGATGATGTT	1
GTGTTTTCTAAAGCAGCT	1
TGTACCTGAGGATATTTT	1
ATAGCCCCTTTGTTATGG	1
AGGTAACGATTAGCCAAT	1
TCACTCTTGTTACCCGCA	1
TTTGCGTTGTTTGGAGAA	1
GTGGTAAGGGCTATGGTG	1
GGTGCGACTAAAGTATCC	1
GAAGGGTTGGGTCGTGTA	1
TTGGGTGTTGTCCTACAA	1
CTATGGCGAGTCGTAATT	1
TTGTATGTTAACACCCTT	1
TCCCTGATGCATCGCTTG	1
CATCTGCGTTATTTGGTT	1
GGAATGACAAAGAAGAGT	1
TGTTTAATTTCAGTAATA	1
TCCTAGTTGACATTCAGT	1
GACGCGCACTTCTCTTGG	1
TATTCAATATAGATTTTT	1
CTTTCTGACGTGGTATCT	1
ACGATGGGCGCTGGTTCT	1
CGTGGTGAGTATTCCCCT	1
AATATGTACCCGACGTCT	1
GGGTAATCCTTGTTTACG	1
CACGTTACTTCTGTTGTG	1
ACGCTGGGACTCCATACG	1
GTGACAGGTTAAGTGTTC	1
ACATCGAATGACATGTGT	1
ACATCGAACAACATGTGT	1
CAAGTTTGCCACTAACGG	1
TAGTCTATGCGTTAAGGA	1
GTTGTAGCCTGTGTGTTT	1
AACGCTTCTATTCGGTTT	1
GTTAATTGCACGCGATAT	1
GTCGTATGTGGGACGGGG	1
GTGTGGGGGAGCGGCGAA	1
GTCCCTCTTCTTCTTTCA	1
CATTGCCTCGTTCTTGCC	1
GCCGTTTTTGGTTGTTTA	1
GATTAGAGTTTGGCCATT	1
CGGCGTGAACCGGATTTG	1
GTCATAGCTGGTCTGGTT	1
CGGTAAGTCAGCTAAAGG	1
CTATATGTCGACTATTAT	1
GTCTATCATCGGCGTTTC	1
GATCTCGTGATGGCCATA	1
TTTACGTACGTTTTCCTT	1
AGCGCCTGTGAATAACAG	1
GCTCAAGGGTGTCTCGAT	1
GCTGTGTAGCGATCGTTA	1
TATGGTGCTTACTGAATT	1
TCGTGTTCCGATTATGAT	1
GATATAAAAAGCGCAAGA	1
GTTATGATGGTGCTCCTC	1
GGAATGATAAATTGCCAT	1
CTCCGAATTGTTGCTCTG	1
GCAGCGGCCTCCCATTAT	1
TCGAGGATTAGGGAGATG	1
CATACGTTTGAGTATCAG	1
CTTCTTTCTTAAACTCAG	1
ACCGGGGGTGGATAATCA	1
GGACAGTCTAGATCAGGT	1
GTGAACTTCTAGGCGCTT	1
ATAGTATTCTTTCGTCGC	1
TGTTGGTCGTAGCCTGTG	1
CGGAAGAAGGGGATGTTA	1
TAGATACAGGTCTATCGG	1
TTTTGATGCTCGTGCCGT	1
TGATACAGCTGGTTCTTG	1
AATAGTGTATGGGGGAAT	1
TCGGTGTTAGAACAGGCC	1
TGGTTTAGCCGGATCTCG	1
CTGATGTCAACCCAGGGG	1
CGAATAAGGCTTGACAAC	1
AAAGTATTTAATGTCCGG	1
ATAAGGAGAGGGGCAGAC	1
ACGTACGGTGTCAACATG	1
GTAATTAGCGGTCTAGAC	1
CTTACTGACCCTAGCACG	1
TCTGATATTCCATATCTT	1
AGCCTGTACCTGGTAGCC	1
GCAAATGTTAAAACCAAG	1
ATAGTTGTTGTGCTTTGT	1
GTTTATAGAGGTAGTTGA	1
TTGGAGGTTTGTTTTGGT	1
GTGGATGTGTGGCACAGT	1
GGTGTCGGGTTGGATGTG	1
TGGGTGTAGATTGTGGTT	1
TTGTGTTTCGGACAGTGT	1
GTTAGAAGTTCTCTGAAA	1
ATCTCGGCGTCTGACGGC	1
ATGCTCGGGTATAGAGTC	1
TTCTGAATATCTGGAAGT	1
TAGTTATGCCCCCGAGAG	1
TGTGATCATTATCGTTCT	1
CTAGTTTTAAGAACACGT	1
CTTCATGGAGGTGTGCAG	1
CATTAGAGTTTGGTCATT	1
GTTAAATCGTCTGTGGTG	1
GCGAAGAGGGACTTGAGT	1
GCTACCACTCGCTGTGCA	1
AGTCATCTTGGCGCTTAG	1
AAATAGCAGTGAGGGAAT	1
GTTCTTGCTTACCCGTCT	1
TTACGGGTTTTGTTGGAG	1
ATGTTCAGTCGTAGTTTA	1
TAACATTCTTTATTTAAT	1
ATTATGTCAAGCGTGTAC	1
TCCGGAGTGCTGGTGGTA	1
TTGGGCCAGCACATCTAT	1
TGACATCCTTTATTTAAT	1
CGCCACGGTCGAAAGTTT	1
CGCGATTTTTTGAGGACT	1
ACAGTGAGGTCACGTGAT	1
CGTGCGGTTTGCTCCAGG	1
GTGGTGGGTTGTTAGTGC	1
TTTTTTCATCCTTAATCC	1
GTCATCTACAGGACGCTT	1
AGCCTGAAAGTTGTTTAT	1
TCAGCGCCACTTTTTTTC	1
GTTATTTTTATGTGTTGG	1
TCAATTTACCTTTGTCCG	1
GAACCGGCGTCAGGTCAT	1
TAGTGTTAAGTTAGGTGT	1
TCTTGCTATCTGTGTGAC	1
TATGCGAGAGGCCTGGGT	1
AAGGGCCGTTAAATGGGG	1
TGCCGATTAAGAGGTCCG	1
CAGTGTATTCTAGTCAGT	1
TCCTAGTTTACGGATGTA	1
AATAATTACTATGGTGAC	1
AAAAAACCTTCTAGGGCT	1
GAGACAGGTTTTACCTTC	1
CCCGTGTGACGCCCATTT	1
TCTCAAGTACGTAGCGAG	1
TTTCTGTCAGCTGATGTT	1
CACAAAATTGATCACGTT	1
TTAGGCATCTGGTCGCAG	1
TCCTCTTGTTCGTTTTCT	1
ATCTGCTTCTGTACAGGG	1
ATATGCTGGTCTGGTACA	1
GTATCGATCGTTACACTT	1
CTTGATTATATCTTCCGT	1
AGACTCGTGGCTGAGAGT	1
GTGTATACGCGAGAACAT	1
TCATTATGTGCCCGGCCA	1
ACAGCGGTATCGGACGAG	1
ATATTGCGATAACCGCTG	1
GACCTCTAATAGATCTAA	1
ATAGTTGTGTTACTTCCA	1
GTTGGGAAAAGTCCATGT	1
GTCTCAAAAGGAATACCG	1
GGAGGAGAGTTTAGGTAT	1
ATGGCTTGTTCGTCTGGT	1
GGAGGAGAGTTTAGGTAA	1
CTTCCTGACGTGGGTATC	1
TTGGGCCGGTGAAGCTCT	1
AGCAAGAGTTGCAGCCGC	1
TAGCCGTGCATCGTTCAA	1
GCGCGCAACGGACTTTTC	1
TTGATGAGTTACGGGGAG	1
AGTACAGAAAACGTCGGA	1
TTCAATTACTGCCCACTT	1
TCAGAGTTGAGTGGAAAT	1
AGTGTTTGCCGTTTGATT	1
CTTCTGTGAGATTCCTGT	1
GACCTCACTGTAAGACGT	1
AGGGAGTTATGGATCGCC	1
CATATAGCTAAGGGAGTG	1
GGTTGGAATGTCTCCGTC	1
ATGTCTTGTTGTGCTTGA	1
GTGAGATGTTCTCTGACA	1
GAGCGAATGCCTGTCGCC	1
TTGGTGGCAGCCTTACGT	1
ATTTGCTCTGCGAGGGAG	1
GGTACTAGACGAGGCCTT	1
GGAGCTATTTGAATCCCA	1
TCCGAAGTGCCGGGGTTT	1
TTTGCTGGCTGTGCCCCT	1
TATAGAGGAACCCTACCC	1
GTATTAAGCTAGGTTCTC	1
TAGGTTGAGTCCGGTGAC	1
GAGAACTTCTAGGCGCCT	1
AGGTAGACATGTGGATCA	1
AACGTGTGTCGGCGGGTA	1
TCTGAACGGTGCAAGATT	1
GCTCCTCTCGATTAGACC	1
TTATGCGTAGTGGTATGA	1
ATAACTGTGTACACGAGG	1
GGTAGAGCTTAGATTACC	1
CGTGCGCGCAATATAGGT	1
ATGACTTGTCCTACTAAA	1
ACTGTCGTAGACAGGTGT	1
CTGTCGGTTTATTCCCCT	1
TGGCGTGTGGAAGCTAGA	1
GGATTTCTATTATGTTGT	1
AGAGAGCTAGAACGAATG	1
GTATACAGCTTAGGGTAC	1
TGACTCGTGGCTGAGAGC	1
GTTTTATGGGGCTTAGTT	1
TTGTGTTCCTTTTGTAGA	1
CTTGCAAGGCTATCGACC	1
CGGGGGGGAGGGGTGGGC	1
TTTCAGGGGTTTCTGTGA	1
TTGATCTTCTGATGTTTG	1
GTGCTTATTTACTACCCT	1
AAACTCCTCCTTATGGGT	1
GCGTCTCGTCTGTGATCT	1
TTTTATAGTGTTGCTGCC	1
ATGGTTCGGGCTACCAGT	1
AGTTGAGGACTGGGGGTG	1
TTGATAAGGACTTCATTC	1
CGTGCGCGCAGTATAAGG	1
CCCGGTATTAGGTGAGCA	1
GTTCATTGGTGCGCTGAT	1
CGGACTCTTTCAGGCCGG	1
CTGTGGCGAGGCGTAATT	1
TACTTAATTCCGGCGCAT	1
GTGCTTTTCTCTTCGTAT	1
ATATATAGCGCGGGGCTA	1
TAGGTCGTCGGTGTTTCG	1
GGTTGCTGATACTAAAAG	1
TAATCTATCGTATTTTCG	1
TGTGGAGCCTCGTAGTGG	1
AAACAGCTCGAGGCGTCG	1
GCTCATTCCCCTTTATCG	1
TCCTCTGCATGCTTAGTC	1
ATCGGGTCACTTTAAACT	1
CCTAATTTTAGGGTCCGT	1
CCTAACTGTCGGACTAAA	1
CGAGGTAGCTGGGGCAAT	1
CACGCCGACCGTTGGACG	1
GATTGGGATTGTGGAAGG	1
ATGTAACATGGGACGAGC	1
GAGGGGATACCACGGGGG	1
CATGAGTGCGTTGTGAAG	1
CAAAACTTTCGGGATGGG	1
GTTTGCCCCACCTTAACA	1
GTAATGGGGTACTATAGG	1
AATTTCCTCCGAGCTGAT	1
TCCTAGCTTACGGATGAA	1
ACATGAGGCGGTCTTGGG	1
ATGGGGAAAGTCTATACT	1
TCATTAGTAGAGGGCTCA	1
ATGTCGGTTCTTGAGGCA	1
GTGATCGAAATAAGGGAC	1
CAGCTTGAAAGGCTTACT	1
GAGTGGGCGCCGTTTGTA	1
GGATTTGTACCTGTATCC	1
TGTAGTGCGGCGGTTCGT	1
TTTATCAGGTTTTCAGTG	1
ATATATAGTGCGGGGTTA	1
GGAATAATCAGATGGTCA	1
TACCCGTGGTAGGGCTAT	1
GAGAGAAGTCGGGATGGC	1
CGTGCGGCCTATCGGTAT	1
GCTACTGGGTAGTGTTTA	1
TGGGGAGGTCCATGCTTG	1
TCGATTGTGATGCTGGCA	1
GGAATCGATACGTCTCGG	1
TCGTCACTCAAAAGACGA	1
ATGATTAAAGTCAAGTTG	1
CTCGTGAGATGTAAAGTT	1
ACGGGCCGCCGGACTGTG	1
GGCGTCGCTTGAATGTCC	1
AGAGTCTCAATGGTCGTC	1
ACGTGATCACGATGGTTA	1
CGGTATATGGTAGTAGGG	1
AACGTTTGAAGGTTAAGG	1
AACCTTATCAGCCCGGAC	1
GCGATGGTTTTGGGCAAG	1
TTTATTGATCTTTTTATG	1
GTTTTTGAATACCGTTAT	1
TAGCGGCGATGTGGAAGG	1
CTGGCGTACTCGTCTGTT	1
CATAGTGACGGCATCCGC	1
CCGAGTGTGGCTGAAATG	1
GAACTAACGTGAATGGTT	1
GGTAATATTTGGTTTATG	1
CTAAGGGGCTTTTTTTGT	1
TCCTTCGTTTTCTAGTTG	1
AGACGTTCTGATTGTAAC	1
GCCCAGCACCTGGCGCGT	1
GTTCTTTCGTTTCTTGGA	1
TTTAGTGTCCGATTTTTT	1
TTCAGTTAGAGCAACTGT	1
ATTTTTAACTGTAAGCAC	1
CCATTTGCGGTCTTTCCA	1
CCATTTGCGGTCTTTCCG	1
TGGTTCTAAGCAACTAAG	1
ACCCTCGTGGTTTGGGTG	1
TATCTCGTTCGGACATAA	1
CGCAATAGTTATAATGGT	1
TACTAGGACCGGCGTATT	1
GGATAATCAAATCGAAGA	1
TCCACATAGTCTAGTCTG	1
CTTTGGTACCGAGTGTGG	1
CGGGGTTGGGGTGTCACG	1
ATAATACCTTACCTGGGT	1
TCGGTGCGGATGAATTTC	1
TTAAATCTGAAAATCAGT	1
CCGGCATTATCTCTCGTG	1
TGGACGGATGGGTTCTTT	1
TGTCGGGAGAAGGGGTCA	1
TAAATGTGATTCTGAGAT	1
AATTGGATTTGCGCTGGG	1
TCTTTTCAAGGGGCGCCA	1
ACGTAGTTGGCGAGGTGA	1
CGAGGCGCCAGCGCGTCT	1
TGGGTGGATTTTTGCCCC	1
TTAACCGAAGTAGTGTCG	1
AACTGTCATTCACGCATG	1
TCGCTGTTACTAGCGATG	1
GAACTAACTTGAATGGTC	1
TGCGGCCTCGGTGGCCTT	1
TCGCTGTGATCTATTTTA	1
TCCTGAGGGGGTAGTAAG	1
TCTGTAGGCTGATACTGG	1
TGAGTAGGGTAAAAGAGA	1
TAGATGGAAAGTAGAGTT	1
CATATAGCCAAGGGAGGG	1
AGGACCGTCGCGGTGTAC	1
GCGGTGGGCGAGTGAGGA	1
TCAGATGATACCCTATTG	1
TAGTGTTATGTCAGGTGT	1
CCTTTTGACCCAAGTGAG	1
GAATTTTTCTAGGCTTTA	1
TCCCGGAGAGCTGACGGC	1
GGCTACGTCGGCTGGTAG	1
TGGCTCCGTATCGGTTGA	1
CAGGTGTTTATCTCAAGT	1
CTGTATCAATTGGACGGT	1
TTGTGAAACTATATTGCA	1
GCCGACTAGTTTACTACG	1
TGGTGGCGTACAGAGTAG	1
CTTGTTATGCAGGCCCCA	1
TTGGCAGGTCATAGTGAT	1
CAATGCAGTCGGGCTCCG	1
GTGCAGACACGTGCTCAA	1
GCAATGCGTTGCTAGTTT	1
GCTTATTTAGAACATTCG	1
CCTGAATCTGGCGGCCCC	1
TCTACGTGAGGTGAACGC	1
GTGGCGGTCTGCGCGGTT	1
AGAGGTTTACATCCCTAT	1
ATTGAAGGGCGTTAGCGG	1
CCGAGGATAAGGGAGATG	1
TGATAACAGTTGACGTAG	1
TTTGCTTTCGCGGACCGT	1
GCGTTGATCGGCTACTAG	1
GTAAATGCCCGCGAGGAA	1
GTCACTGGACACATGTTT	1
TTGAGTGCCGCTGGGGTT	1
TACGCTTCAAATGTGTGC	1
CAGATTTGGCGGGTTGTA	1
TGGTTAACGCCTTCTTGG	1
ATATTGCCTACGTTTTCG	1
TATATGTGGGCACACTAA	1
TCAAGGATAAGGGAGATG	1
ATAACGTTTACAGTTTTG	1
GGTTTCCGCTCCGGCATG	1
TGTCTTCGCAGGGTTGCT	1
CTCCTGCGCTATGCGTCC	1
TTTATTCGAACATGTTGG	1
GATTTTTTATAGCCAGCG	1
GCGTTCATAGTCTCTAAT	1
GTCCTGTCTACGCGACTA	1
GCAACGTGTGCCGTGACC	1
CGTTTAGTGGGCCTCCCA	1
GGTTTGAGGCGGAGGTAT	1
CTGAGTTTGTATACGGCG	1
TCTAGGGGTGTCGGAGTT	1
ACGGTGGGTGAGTGAGGA	1
GATCTTGCCTCCTCACAA	1
TCATTCTTGTGGCCTTCG	1
CGCTGAGGCCTTGTAGCT	1
TTTGGCAAGGCCCGGCCC	1
AGCGCACTTGGTGTTTAT	1
CCGACTATACGATATCTT	1
GTCGCGTGACTGTGAGGG	1
TGTACGACCATACGCCAA	1
TAGCTGATTCTTTACTCA	1
GTAGTGCACGCTTGTCTT	1
AGGGGGTGTGACGTTGTT	1
GGCGTGGGCCTGGTAGGT	1
TGGGCTTCCGGTGATCGG	1
GCAGCGGTATGGTCTTGG	1
CACAGTTTAAGAACGGTA	1
TCGAATTACCGGGAACGT	1
CGAGCAATGGTTTATGCA	1
TGGAGATGGTTCGATGGT	1
CCATTGTTTGCGGAGCAG	1
CGTCGGGCAAGTCTGAGG	1
ATTAAGTTAGGTCACGCT	1
TCTGAATGTAGTAGTCAT	1
ATCGGGTCGTAACCCCTA	1
TTAGTCGGACATTTAGGG	1
AATTGTCCTTCGTAAGAG	1
TTTACGGACCTTCCTGTA	1
TTAGGGTATTTTGAACCA	1
CTTCTTCGTTGTTTGGAG	1
CGTTATATAGACGGTAAT	1
GAATAGGATTTGTGGCTA	1
ATTTGCATCAAAACTATT	1
TAGGGTGTGCGAACACTT	1
GTTTTTGCAGCAAATTCT	1
ACAGGTGTACGCGTCCAG	1
GCGGTGGGTTGTTAGTGC	1
CTGTGTGGTACTAGTTCG	1
TTTTTGTTGCGCATCGTT	1
CTGACTTAGAGATGGGTT	1
GGGCGTATTTGTTCCTGT	1
TGCGTATCGAGGTAGTTG	1
ACCTAGGTTTTTGGTTTC	1
CGTCGGTGCTGCCCTTGT	1
CAAGGGTGGTCTTCTGTA	1
CAAATGGTGTCGGACGTT	1
TACGGCGGGCGCAGTAAA	1
ATTTGTCTATTGGCGGGT	1
TTCGTAGGCGGGAATGGT	1
TGTGGTGATCCTCGCTGT	1
GTGTTGCGTAGCTTATGG	1
CTTTCCGGCCGAGTTATC	1
GCTTTTCACGCATTTGTC	1
GAAGTCGGCGCGCTTCCG	1
TAAGGTCCTGGACGCTGA	1
CTACGATCGTATGCCCAT	1
TGCGCACTGAGAATATTC	1
CAGCCTGCATTGACAACC	1
GATAATCGGCTACGTTTC	1
CTGAGAGTCAAACATATA	1
TGAGAGTGAAATGGGAAA	1
AGGCTTGCTGGATCCGTG	1
TCAGGGCAATGGTACCTC	1
CCCTCAACCCTAATGTAG	1
AAATGTGCTTTCGTTGAT	1
GTCTCAGGTTCCTATTCG	1
CCTCTAAGATCGTGGTGC	1
ACTACTCTTTATCATCTT	1
GATACTTGTTGAGGTGAT	1
GCGTGGGCACCGTTTGTA	1
TGTGTGTGTATGCACAGA	1
TTTTCTTCTCCTGGGGGA	1
TATTGATATAGGGATCAT	1
CGTGAGATGGGTCAGCTA	1
GTAGCGTAGAAGGGTGGG	1
ACCCTGGTTCTTTTATCG	1
ATCGCTCGGTGTCGACAG	1
GCACTGTACCAAGATATA	1
TGCTGGGTGGTATTCATT	1
ATACGAATTTACGCTCTA	1
CTTCTTTCTTAGATCGAG	1
CGGCGGAGAGTTATTACT	1
CACGATTTGCGTCATCGA	1
AGGCGGATGACAGAGTTT	1
GTCAGGGGTCAATTAAGT	1
TTCATGCGTTTAGAGGGT	1
CTGCCAGCATGGTGTCCT	1
GGTGCCGCTTTAAGCATG	1
GCGCAATGTGGGCTAATG	1
AGGGTGGCGTGTAAAGCC	1
CTCAACTACCATTGAGTA	1
TTGTAACCGTTCCATGCG	1
CCCTAGAGTCGATGTGGT	1
TTTCACTTATTAGGGACG	1
TGACTTGAGCCATTCGCC	1
ACGTGGCTCCGCTCTGGC	1
CATTTTCATATTAAGGAG	1
TTGATCACTGGGTATGGG	1
CGGGTCTTTTGTTGCACG	1
TGCAAGGGGCACAGGTGG	1
ACAGTGAGGTCACGTAAT	1
TGTTACCCTGGGTCTGAC	1
CATATAGCCATGGGAGTG	1
AGTATCTTGTGGGTGATG	1
CGCAATGGTTATAATGGT	1
GGTAGTGTTAAGAGTTTA	1
TTAGCCGAGGTAGTGTCG	1
ACTGGAGTAATAAATGGA	1
TCCTAGCTTACGGGTGTA	1
TGTCAGGAACGTGATATG	1
TATTGATAAGGGGATCAT	1
GACCGCGTATCGCTCTTC	1
ATTGTGAATGACTTAACT	1
GGAAGGTAAGCGAGAGAA	1
ATGCATGGCCGGTCGACT	1
CTTACCCCGGCGGTCTGC	1
GAGGTAATGGAATTGTAT	1
AATTGGATATGGGCCCTT	1
CTTTACTTTCAGGTTGAT	1
TTATGTACCCTTGCTTTT	1
AACGATCTTGGTGGAAAT	1
ATTGAAGGGCGTTAGCGA	1
TCTTGTTGTCTGTGTGAC	1
TGCTGCGATTTCACTCAG	1
GTTCGCACAATAGTTTAG	1
ACGAATTAAATTCGCGGA	1
GGCGATAATTTAATTGCC	1
AATGGTATTCGGGTGTAA	1
GGCGCCTAGACGTTTTTA	1
TCCCGTTGCTTAGATGAA	1
ATGATGGGCCTGCAAAGT	1
CGCATTCGTTGATCATCA	1
GTTGCTATTAAAGGCTTG	1
CGTCGGTGTGTAGGGGTC	1
TCTTTATAGGAACCCACG	1
GTCCTGTCTACGCGATTA	1
GTAACGGCGGCAAACGAT	1
CCTGAGAACGGATGTGTT	1
GGAGAGACTTAGTAGTTG	1
TAGGTTGAGTCCGGTGAT	1
GTACAGTCGTATAGCGCG	1
AGGGGCCTGCGCTAAGAG	1
AGGTGGTTACGCAAGGTT	1
GCTGCCACCTGGTTCCGG	1
GTAGGTGTGGGGGTTTTG	1
TAGGTTCGTTACGCTCAC	1
CCGTTCACACTAATCTCG	1
TTCTTCCGATGTGAAGTA	1
CGGTGTAAGCATTAGTTC	1
TACTCGACGCGCTATGGG	1
CTCGTGCGTTTAGAGGGT	1
ATCCATATTCTTTCCGGG	1
GGGATCCGGAGTACAGCT	1
TTAGTTGAACCAGGACTG	1
AGGGGGGGCGTGAGTCTC	1
ACGTGCATTGACCGATAC	1
TTTCTCGTATTCTTGGAA	1
TACGTGTTACTCTGTTGT	1
ACTGGGCTAATACACGGG	1
ACCAGGAGGTTAAGTGTT	1
AGAATTGTCTTTTAGTGT	1
GTCCCTCTTCTTCTTACA	1
CGTTTTCATCTGTTTTGC	1
TAGACCTGGCCCGTAGCC	1
CGAGTTTGTCGCCGGGGT	1
TCCGGAAGGTGAGCGAGA	1
TAAGGCCCTGGACGCCGA	1
CTGTTGTGGGGCTACGTG	1
CTTGAGAGCGTAGTAACA	1
AACGTGTGTAGACCCGAT	1
TGCAAGTGGCTGACGTCT	1
AAGCGGCCGGGGTTTTCG	1
GCCGACTAGTTTATTACG	1
TATTCTGGATTGTGGGAG	1
TATATCGGACTCATGTGT	1
GCTGGAATCTCGGTTGTA	1
TCAGTAGCATTTGAGTAT	1
AGTTTGTGCTTGTATATC	1
AGAGCATTAATGCAAGGT	1
TGTGTAGATAGTGGGACT	1
CCGGTTATCTAAAATACC	1
GGGTGGGCACCGTTTGTA	1
TGTGTTTATAGAGTAACA	1
GTTACCCGCCTGGTTTTT	1
GATCTTCGTCAGGTGTTT	1
TTAATTGAGGAAACTAAC	1
TTTCGGGCGCGAAGTCCT	1
GCGGAAATATTCGTGCAT	1
GGATTAATTATGCGGCTT	1
TCTATTCACTGCGGTGCT	1
ATGTGTTAACGCGTCCTG	1
GCTTTCTTAAGCACGTCT	1
ATCATGGGATAATATAAA	1
GCTACGTATTCATGGCTC	1
GGGCGAATGGACGTTAGT	1
ACTCGGGTTAAGTATACC	1
ATGTAACATGGGACGGGC	1
CTTAGGGCAGGCTCCGCT	1
TCTCAATTCTAGTCTTAG	1
CGCGATTTTTTGAGGGCT	1
AACCGGCCGATTGGATGC	1
GTGTTAATAATAGTATTG	1
AGTGCCGAACGGTATCCA	1
CTAGTGATATCTCCTTAA	1
CGAATTACACTTCGGTCG	1
TTTGGACTTATCGTGCGA	1
GGCAGTCGAGCTAGTGAG	1
GTATTAGCTACTTTGAAA	1
CGTGTTCGCGGGTATAGG	1
ATGCACTTCTCAATCAGG	1
GAGTGGGCCGAGAGTTTA	1
TGAGAAATTTGAGTTAGC	1
TCGGTTGGAGAGGACGAG	1
GTGAATGACCGAATTTTT	1
GGGGCCCGGTAGGGGCCC	1
CGCGGTCTCTGTTCCATA	1
GGGTGTTGCCCGAGCTCG	1
GGCACCAGGGCTCTTTCT	1
CTTCTCATAAACGAAGTT	1
CAGGTCTCCGGTGGGGAA	1
TTGGTTTCACGTTTCTCT	1
CTCGAGTTGTGAAATGCT	1
GTAGCTGGGTGTGTGCAT	1
TTGTAGGGCGCGTTGTTG	1
TTATTTGTTGGTTCTAGG	1
GCTACCCCTAGCTGTGCA	1
GCGGTTTGCTCCGATTTG	1
ACAAGATATGGGCGGCTA	1
TGAGTATCGTGGGTTGGG	1
ACGATGGGCCCCTGGACT	1
AGCCCTTGCTCTGGTGTG	1
CGGCTGTTAGTCATGTAT	1
GCTCTCTATAGGTAGCGT	1
ACTTCCTAACCACGGGAA	1
TACTAGGGGTCCTTGAGG	1
TCACATGTGGTTGCATAC	1
GTGTGGCACGTGTATTAG	1
AGCATGCCTCGAGTAGGA	1
CAGTAAGTGAGCTAAAAG	1
TATTATATGAGTTGGCAG	1
TGACAGGGTGTCGTACGA	1
TGCATGTTGATTCCGGAG	1
GCGACACAGCCTCGTGGT	1
GGGTTTCTCCAGTGTGAG	1
ATTGTATATATGTTTGTA	1
TATTCCGGATTGTGGGAG	1
ATATCGGATGTGTGGAAA	1
GTCCGGTACTGCAACTAA	1
CCCGTGAAGTACAACGTT	1
GCCATGCGTTGCGAGTTT	1
GTGCAGTGCTATGGCGAT	1
GAGTGGGCATCGTTTGTA	1
TTGTAAGTATAATTCGTG	1
TATGTACTAGCGCTAGAA	1
ATCATTAATTGTTGCATC	1
AGTTGTTTACTCGGCTTT	1
TAGTTCATTGAGCTCTGT	1
TCGCCGGTAGAAGCTTCC	1
AGGGTAGGCCGTTGTGCA	1
GTTGGGACACCTTTCTAG	1
GCCGCGGTATGGTCTTGG	1
GATTGTGGTTTCTACACC	1
CATGGAGTACGGTCTGCT	1
TCGGTGGTTTGAATGTTT	1
CTGTCTACCGTATTTGTT	1
TTTAGGTAATCGCTTCTA	1
TATGACTTGCAACAAGTT	1
TTGCGGGTTAGGCTTGAT	1
GGTACTGTTCCGATGCTC	1
ACGGTTGTTGCTCATCGA	1
ATAGCAGGAATGATCTGG	1
TTAAATCCAATTAGTCTT	1
TTGATTATTTAACTTTGT	1
ATATTACGTTTTTATAGT	1
CGGGTAGTGTTGAAATGC	1
TTGGGTCACTGATTGCAT	1
TTTCCTCGCTGCATTTTG	1
GCGCGTGGTGGGAGTGTA	1
TCCGCTTGTTAAAGGAAC	1
TCTATAGCTTCCATGTGC	1
AGTTCTTCCGTTCGAGTT	1
GTCTGGAGCTAGTTAAAG	1
CGGGCCTTCGCCGGGTAG	1
CGACTGGTGGTTTAGAGT	1
TCGAGTTACCGGGAACGT	1
GGGTTTGGAGTATGAACA	1
TTTAAGACTTCTGATTTT	1
TACAGAAGAGATTCTTGG	1
TCAATGAGTCTCGGAAGG	1
CCAATCCCGGGCTAACTC	1
AGAAATGTTACATTGCTT	1
GGTCAGGTGCGGGTCGGT	1
CGAAACGCGGTTGAACAT	1
CTCGGTTGCGAAGGATCC	1
GTTTATAGAGGTAGTCGG	1
GCTCCTATTTGATACCAT	1
TTTTATAGTGTTGCCACC	1
ACGATGCTAGTTGAGGAT	1
TGGGTGATCTACGGTTTC	1
CGAGGCACCAACGCGTCT	1
AAATTGCCGTATGAGGGG	1
ATATATTATTTTATGCCC	1
AAGTGATGTCTCGTTCGA	1
CGGGAGGAGTGATTCGAC	1
GTGTTGCAATATCCTTTG	1
GTGGACGCATCATGCTCA	1
GGGCGAGGAGGTCCTATG	1
ATTGGGCGTCTAGTTGAT	1
ATTACGTGTTACGCATGA	1
CTGCAAAAGATGTCTTGG	1
TTTTCCGCCGACGATTTA	1
GCCGTTGCAGGCTGTGGG	1
GCCTATATATTTTGGAAC	1
TTTTAGGTCGGTTGCACT	1
AGAGGTTTCGTGTACGGG	1
CCCTTTCATAAACATTGT	1
GCCGATTACGAGGCGTCG	1
CATTGATATGGGGATCAT	1
CAGACTGCAGCCTGTCCA	1
CGGCTCTATTCATCTGTT	1
GCTTACCATACCTTGTCA	1
TAGTGTGAGGCGGAAGGA	1
CCGAGCGCGACTCGACTG	1
GTCCGATACTGCAATTAA	1
GCTCCAGTGCTATGCAAA	1
CCTTGTTATGCTTTCCGG	1
AATTATGCCCGTGGTCTG	1
CTTTGGAACGGGAGTTTG	1
GGTATCGTTCAACATCTC	1
GTAATTGTGTGTAACAGT	1
TACGGAGTATTGGGGGCT	1
GATATACGGTCACCGCAA	1
TTATCTACTTTTCGTTAG	1
AGATGACAGGGAGTTAAA	1
AGGCTGCTAATCATTTTT	1
TGTGACAGTATTTTGTTG	1
CTTTTATTTGGTGTTTAG	1
GTTACATTAGGACTTCAG	1
TTTTAACTTGTTGTGGTC	1
CTGCCCTTGTGTCACTAT	1
CCGGTTTAACGTACCGCT	1
GGCGAGAGTACTCTCGAC	1
TACAGGTTGTGCCCCAGC	1
GGATTTGCCGATAGGTAA	1
AATCTTTCGGGGTTGTAA	1
GATACTGCCAGGTGTTGG	1
GCCGAGTACTCTGTTGCC	1
GCATTCATAAGTTGTTGC	1
GCCTCTCGGTGTCTGATA	1
CTTCTTTCTAATAAAATC	1
AGATACAATCGTTTCCTT	1
ATATTCGATTTTGGGTTC	1
GCACAATGTACCCTTGAA	1
CCGCTAGGCCAGACCGTG	1
CGGTTGGGGTGCCAGGCA	1
AGATTGTGTGTATGCTTT	1
AACGCGAAATCCGATGCT	1
CCGCATCTTTACGATGTA	1
GCATAAATTTGGGGCTTT	1
CTGTAGGGCTGAGCGTCC	1
GCAGTGTACTCCGTACGT	1
TAACACTTTGGCCTTCAG	1
AAGGCCTATTGGTTCAGG	1
ACACTATGGGTGCGCGCT	1
AAAGGTTGTTGGGAGAGC	1
TCGAAATGACACGATTTG	1
CGAGGCACCAGCCCGTCT	1
CATGGAGTGCGGTCTGCT	1
GGTAGTGCTTAGGTTACC	1
ATACCGATTGAACTATAT	1
ATCCTGTCTTATTGCGAT	1
AGCCTACCTCGTAAAATG	1
AGAGCGTTTCTTAGCAAG	1
CCTGGTTATTTGTGTTTT	1
GTAATTCGGTTTGGACGG	1
ACCGCTCGGTGTCGACAG	1
GGTGTACAAGTTTTAGGC	1
CGTGACACTTGTTTGACT	1
AAACATTAACTTCCACGG	1
CAAGGTCTCTAAGCCGCC	1
TAACGACGCCCTCCTTGT	1
GATTATTCAGTTTGCGCG	1
TTACCTTCACGGTGCCAG	1
GGTTTGCTGATAAGGTGC	1
TGCATGCACGACTTGACC	1
ATATCTTGTCGTGCTTGA	1
GTTATAGGTAGTTCTCAG	1
TGTATGTTCCTACTTTCG	1
GCGTAATTGGATGCTATG	1
TGTGGATAACCGGGATTG	1
AGTGTAGTCATAGTTAAG	1
TTGACTGCCTGGGCTTGG	1
GGACTAGGGGTGTGCTGT	1
GTTGTTGCAGCCTCCGGT	1
AACGACCTTGGTGGAAAT	1
TGACTTGGGGTGTGCTGT	1
GTCGCTCTGACTGCTCGT	1
TTTTTCGTCCGTGCTTTG	1
TAGGTTTGAAGGGGGTCA	1
GTGGTCCAGTGCTGTAGA	1
CTGTCTGTGCCGGGCCGT	1
ATAAGCAGTGATAAACTG	1
TTGTCTGGTCATAGTGAT	1
CGTCCATTCTGCTTAAAG	1
GTGTCGATTTTCGGGAGA	1
CGGTTTTTTTGGTAGCAA	1
TGCATCAACGCCTTGCAT	1
TCTCGGGTGCGGGTGGGT	1
CAAGGAGTACAATCCGAA	1
CGTTTATGTGTTCGATTC	1
AAGTGGGTGTACTAATTA	1
CGGATGCGTGTAGTGTCT	1
GGTTTGCCTATTCGATTT	1
TTAGTCAATGTTGATTGG	1
ACGCGTGGTTGAAGCTGC	1
GAGAAGGGGGGAGTTTCA	1
ATTGTTGCAGTGTAACGA	1
TACACTTGATTTAGTCTA	1
GTAGCGGTCCGCGCGGTT	1
TGACAGGGCGTTGTACGA	1
GGTTGGTTGCATGGGACC	1
GGTCTCATTGTTGGTTGA	1
AGTAGTTGGCCGACACGG	1
ACAAGTCAAGGTTGGAGC	1
GTGGCACGTGGAGCTCTT	1
ATGTGTACAGGAAATATT	1
TAGTGTAAGGCGGAAGGG	1
CAGGTTCATAGTGTAGCT	1
TCTTCTTACTTGTGCACC	1
GTCTTACGGGGAGTTAGT	1
TACGAAAACATAGGAGAT	1
GTGAGATGTCTTCTGACA	1
TATTAGAAGTCGAAGCGT	1
TTTCTGCACCGTGAACTG	1
CTTACGTGTGGTGTGGAG	1
TTCTTTTCATTAGCTAGA	1
GACTCATCTGGGTGCATC	1
TTTCCATGCGTTGCAAGC	1
TCTACAATCACTGTTGTG	1
TGGGAGATGCAGCGTGGC	1
TACTCTCGCCTAGTTTTA	1
ACAGGTCGTCGAGGGGTA	1
CTTCAGAGCGTAGTAACA	1
GCTTATATATTTTGGGAC	1
CAAGTGTTCCTCGGTTGT	1
AACGAGAGCCAATGGGAC	1
TTGATCCGCATGGACGCG	1
GAGTCATCTAATGTGCAC	1
TTTGGCGGTTCTTTGACT	1
GTCGGTGTCGTTGTTGGC	1
GATGCGACCTTAGTGCAA	1
TGGCAACTGTACACGTAG	1
GTACTTGGGTCGGAGCTG	1
TCCTTCGTTGGGTGTTTT	1
GTACAGATTCTGCCTATA	1
ATTTTCTGGTGGCGTGTG	1
TGTAATCGCATGATATAT	1
CTTCTGGTGTTTGCGGCA	1
CGTAAAGAAAACATGTCG	1
GTGACTGTGGTGGACCGG	1
CTGTGGACCGTTTTCGAT	1
CTAGTAATGCAGGCCCCA	1
AATGGGTATCTTATTGAG	1
GTACGGTATATCAGAACG	1
GTGCTTTTACTGGATCCG	1
TTATGTGTCTTTAGGGTG	1
CCATCAGCAGACGCGCAC	1
AGGTTGAAGTGTACTGGT	1
ACTTTCCTCGCCCCTAGA	1
ATGCTGGCTCTATTTTAA	1
TAGACGTTCGGCTGGGCT	1
TCGGAGTTATGTTACCTA	1
GATACGTATTCATTTTTC	1
TGGTTAAGTAAGGACATT	1
TACCCGTTTAGGTCGTCG	1
GCGGATTTAGACGACTTG	1
ATTGTAACCGGGGCATTT	1
CGAGGTACCAGCGCGTCT	1
ATCGTGCATCCATATTTT	1
TCATTGGTACAGGGCTCA	1
TGATATTTTGTATATTCG	1
CTGGAGCCCAAAGAATAG	1
TCACTGGTCCTACTTATT	1
TCATATCTAACGCTTTTG	1
AGTATTTTGTGGGTGGTG	1
AGTGTGTGAGGCGGGACG	1
ATTGTAATGAGTTGCGAC	1
TATTCTGGATTGTAGGAG	1
ACGTTATCGGAGAGGGGT	1
CTAGCAGCGCAGAAGCCG	1
GATCTAGTCTCCTCACAA	1
ATTTAGAGGCATCATTAT	1
TCCTAGCTACGGATGTAT	1
GGGGTTGGCCGGGCGTCT	1
GGTTGAACGTGCAACGGA	1
GCCACATGTCGTTATTCG	1
AGCCATCGTGATGGAATG	1
TGATCTGTTCGTTTCATG	1
ATGTCTTGTCGTGCTTGG	1
GTCGGGTGAGGCTTTGTT	1
GTGGTTTCTCTAGTTTAG	1
AACACGACTACGCTATCC	1
TACGGATTTAGTCGGAGG	1
GGCTCGATACGTCTGGGG	1
TCTAAGTGTAAGCACACA	1
TGTGATATTATAAGACGA	1
GGAGGCAGTGGGCGCAAA	1
ACCGCTGTAACCGGACTA	1
CACGTTTGAGGTGGTGGG	1
TGGAATGGAACGGTAAGT	1
TCGTAACATTGCCCGTAA	1
TTGATGTCAACCCAGGGG	1
GGCGCTGTTGTGCTCGGC	1
TGAAATGGATCGGTAAGT	1
ACAGACTTTTTTTCTTTG	1
CCCTTTCCGATGCAGTTC	1
TATCGAACTGTCTATGAT	1
GGTTGAACGTGCAATGGT	1
TAGTGTTAAGTCAGGCGT	1
TTCATGCGAAAGTATCCG	1
TCGTACATAAAAAAGGGG	1
CTTTGGAATGGGAGTTCG	1
GAATGGGCTTTTATATTG	1
CGCCCGCAGTCGTTAATT	1
CGGAGACCGTGTTGCCGT	1
CGGAAAAACGGTGCCAAG	1
GGCTTATTCTACGTTAAC	1
CGTGGGATCTATATAAAC	1
TGTGTGGCAAGCGCGCTG	1
CGCGATACTTTTTAAGCC	1
CTTGTAACGCAGGCCCCA	1
GAGGCTTGTAATAGGTTC	1
AAGGGGATATTCTAATGG	1
GAGACTTGTGGACGATGT	1
AAAGTCTAATTTTGATTT	1
AATCTTCCGAGGTTGTAA	1
GCAGGTCGTTGTCACCCT	1
GTAGCTCGAAGATTGTGG	1
GCATATCCATTCCCGTTG	1
CAATACAATGACTATTGC	1
GTCAGTTTGTAATGTATC	1
AAGCGCATTAGTGGGGTT	1
GCGCGGGCCAGGTCTTGG	1
GAAATAGCGAGCGTCGAG	1
CTTATTAGCCGGTGAACT	1
CTCAAATGGCGGTTTGTC	1
TCCTATTGACCTTATACC	1
TTTGCCGTGTTAACCATT	1
ACATTATGTATAAGCGCG	1
TTAGCCGAAGTAGTGCCG	1
TAAAAGTGTAGGTTGGTA	1
TAATGGATAGTGTGTGAC	1
CGGACGTCAATTGGGACA	1
CATAGTGTTTCTTAATGC	1
TGCCTAAGTTGAGAAATT	1
AGGATAGATGGATTTGGC	1
GAACTTGACCCCAGTTTT	1
TGGTCGCTTATAATTTTG	1
GCCGACGGGTGCCTGGTG	1
TTGTTCTGGAATGGGTCC	1
ATGGAAGTATCTATGAGG	1
GGTTATGTCCGGATGGTG	1
AATCCGTCACGATATCGA	1
TATCGTGCGGACGGGGAT	1
GTTTGCACTGTTTGTACT	1
ACCACGTCAGAGTAAGCA	1
AAGCGCTATTACGTCGAT	1
TCTCAATTCCAGTCTTAG	1
AACTCTGTCTGCGTATAG	1
ATTCGTGTAGTAAACTTG	1
TGTATTGACCGCCAGGAC	1
ACGATGGTGGTTGTTTGT	1
TGCGGGAGACGTGGTCCA	1
TACAGACTTTGCTTAGGG	1
GAACTAACTCGAATGGTT	1
AGAGCGAGATGCAAGGTG	1
AGGTGGCGAACTGTAGAA	1
GCATGTGAAAGGTATTCG	1
GTTGTTGCGTAGGGTCCT	1
CTGGAGTGGGGGGTGGCT	1
AGTGAAGGGTCGGCGCGC	1
TATCGAACCTCCAGTGTG	1
TGTCGTACTCTCTGGAGA	1
GCGTCGAAAGAACTCTGG	1
GGACTTGGGGTGTGACTA	1
GCAATGCGTTGCGGGTTT	1
CTGGGATCAAAAGGGTAT	1
GATATTCGAGTTCTTTGA	1
AAGTCACGCAGAAGGTAT	1
CCCTGTCGATGATGTGCA	1
GATAACCGGAGTAAGCGG	1
TTCTTATCGAGTGCTAGG	1
AAGTAGCATCTTCCTTAC	1
CTGGTGTTTTGGTATCCC	1
GCAGTTTGATGCCACCGC	1
GACCCGAGGCTGTACTTT	1
GCACCGTTGCGTGTTCTG	1
AATGGGTTGTAGTCTCGT	1
CTCCGCTTAGACGCTCGT	1
TATGGTCGACGGTGTTTA	1
GCTGATTTGAGTCAACAT	1
TGCAGGACGTTGTCGGCA	1
ATTGGGCAGGCTCACATC	1
CATATAGCCAGGGGAGTG	1
AGTATTTTATGGGTGATG	1
GTAGATGGTGTAGCCTGC	1
TCCTGGCGTCGTGTGTTC	1
CGATTAGATTGGTTAATC	1
GCCAATTATGAGGCATCG	1
TTGGACTTCAGTACAAGT	1
TCTGCTTTGACTTTGGTG	1
CGAGGCACCAGCGCGTCC	1
AATTTTAAGGGTTTCCGT	1
GATATTCGAGTTCTTTTA	1
CTTCCTTTTTATCTCTAG	1
TTGATAAGGGGATATTTC	1
TAATTTTTGCAGGTCAAT	1
TGTCTACAGTACGTCCAG	1
GGCTCAAGAGGAGGGAGC	1
TCTACAACAGAATTATGC	1
AAGATCATACGCGGACTG	1
TTGTGAAACTATACTACA	1
GGATAATTACGTCCGAAG	1
TTTACCGGAGCTGCGTAC	1
GACGTGATTTCGTTCAAT	1
CTCCGCTTAGACGTTTGT	1
GAATATTGACAATGTAGT	1
AGTGGCGGCGTAAGACAG	1
AAATCCATCATCGCTTGT	1
ACGAGCCGCCGGACTGTG	1
TATTGACATGGGGATCAT	1
TTGATGGGTCGAGTTTCG	1
CCTAGTAACGGTTTCCTG	1
AATTTCGTAGCCCGCGAG	1
GATTTTATCTAGGGCGGA	1
TCCTCTGCGCAGTGTCGT	1
GAACGTTTTTTTCTAAGT	1
ACTTTGAACATCGACAGT	1
ATTAGGGGCGTCTAAGGT	1
CCGGGTCCTAGGGTGCAA	1
GTATTTTGCGAAGATAAT	1
GATAGCTTTCCATGGACG	1
GCGCTAGGTTTTCCAATA	1
TTGATCTGTTAATTACGT	1
TATCGGTGCTTTTGAGGA	1
CCCGTTGGACGCTGTTCT	1
TGTTAAGGGTTAATGCAG	1
CCCGCGTGGAAGGTTAAC	1
AGTCCGCCAGTACTCTGG	1
CTTCCCTGGTAGTGGCAG	1
GCAGTGGGCTCGATGTAT	1
TGTCGATGCCCCACGGTC	1
CGGGCCTTTGCCGGGTAG	1
CCGATCGGTAATTTCCGA	1
GTCGGAACATGGTTATTC	1
TTAGGCTTAGCGAATGTT	1
TTTAAGGCGGCTGGTATC	1
ACCGGTCAGATTCTGCCG	1
CTATTGGCGAGCGCCATG	1
TCTTTACAAATAGGATGT	1
ATATTTAGGCGTGTGTCG	1
GCTAGGGTTCCGGTTCAA	1
CGAGGTGGCTGGGGCAAT	1
ATTTGGTAGTGTTTGCCC	1
ATGTGGCTATTTGGGGTG	1
CTACTGTTCTTATCTTGG	1
GCGTATCGTGTAGTATTC	1
CGGAGTGCTGATGGGCAT	1
TCGAGAGTTGCTGTAGTT	1
CCTGCTTATTGTGGTGTA	1
ATAACCAAGGTTAGTGGG	1
AGATTTTCTGTATGTTCG	1
GATAAAGCATACTGTATG	1
GCCACAAACTCCCGTCCA	1
CTCCGCTTAGACGTTCAT	1
GTCCGGTACTGCAATTTA	1
ATCCGGTATACAACCGAG	1
TTTTCGTTGTGCATCGTT	1
TAATCGTGTGAGTCTCTG	1
GGTCGGGCATGGTAAGGT	1
TGACTCCCTACGGTTGAT	1
AGTTACTGGGCTTGCGTT	1
GATTAAAACACGTGGGAA	1
TTCCTCTGCGAGCATTCA	1
GCCCAATCATCATTGAAT	1
CGGTAGAAGGGGATGTTA	1
TTGGTACGCAAGCTCTCT	1
ACTATCAGTGTTGAGCGC	1
TCCGGTAGTACCGCTATA	1
GTGAGAACCTCGGCCATT	1
TCTTATAGTGTTGCCGCC	1
AGAAGTGTCGGGTTGGGG	1
AAACTACTACTTCTGGCT	1
TATTAACGGGTCACCAGT	1
TTTGTTAGTCAGAGGAGT	1
GCATGTTTATCTCGTTAA	1
GACGAGCGGGTCGAGATT	1
GTGTCTACTGTATTTGTT	1
GGACTTGGGGCGTGCTGT	1
TATTCGTCAACGTGTCCC	1
ATTGAGTATTCACTAAAA	1
CTTTTCTCTTCTTGGAAG	1
CTTTTGATGTAGATGAAG	1
GCTCAATCATCATTGTAT	1
AATAGGCGGTGTGTGGCA	1
GTTCCGTCCCCTATAACC	1
GGCTGGTTTGCTTTCGCT	1
CCTCAGCGTCATCTAGCC	1
GTGACGCTGAGGCTATTC	1
TTAGGGTATTTTGAACCG	1
CTCGCCGGTTTTCTATTG	1
ATGCCTAAGGTCATAAAG	1
TTGATCTGTTAATCACGC	1
TTGCAGGGTGATAGAGGC	1
GTCCTCCCGTGAGGATGG	1
GCAATTTTATATTAAGTG	1
GCTAACCGGCTACGTTTC	1
GGTCAATAGCCGACGCAG	1
TTGTTTGTTTTGTTTATT	1
TGCGCATCTGTGTCATAA	1
TCTATAGCCTCCATGTGC	1
TTTTAGTATGTTTCCTCG	1
GAACGATAGCGCGCGGCG	1
ATTGATACTTTAGTGTTA	1
CCGACTATAATCAGGGGT	1
TCTTGCTGTCTGTGTAAC	1
TTTTATTGCGTGTGCGGG	1
TAGTACTAGATGCATTGA	1
CCTCCTTGTATAAAATTG	1
TTTTGTCTCTGGTGGATT	1
CTTGGAATTTGTTCCTAG	1
TGCGGGAGACGTGGTCTA	1
GTTACCTCCGGGCGAATT	1
TTATTTCTTCCAACCTGC	1
TACAAAAGAGATTCTTGG	1
GACTACAGAGATGTCGTA	1
AGGACAGTCAATGTAGGC	1
GTGTCATAGTATGCCGAT	1
ACCGTCGACGAGACGGTC	1
TTTGGAACTATCAAGCTC	1
GGATGCGTCGCCCCTGTG	1
AGATGACTGGGAGTTAAG	1
CTGAGTTTGTATGCGGCG	1
GCTTATTCCACTATAAAT	1
TGTACTGACCGCCAAGAC	1
TCGTGCGTTTAGAGGGTT	1
TTGTTGATCCAATATTCT	1
TTTGTTGGTCAGAGGAGC	1
TAGGGCCCTGGACGCTGA	1
TAACATTGTGCCACCATG	1
CGTGTGGTCACGTTTGTA	1
TCGATGGTTTGAATGTCT	1
TTAACATGTTCGATGTTG	1
TACTGTACGATTCGATGG	1
GGGACAAATTATGATTCA	1
AGGCGGGCGGTATCATAT	1
AAGGTTGGGAGCCTTGTT	1
CGGACTCCGAGTTACTTA	1
AAGGAGTTGACACGTTCA	1
GGTTGGTTTTGTGACGAT	1
TGAGCCTGTTAGGGTCTA	1
TGCTGGACCCTTGGTGAA	1
TTACCGTAGTGCCTTTTT	1
TTGTTAGGTAGAATGGAA	1
TCTTTAAATCATATGCAA	1
GGCAGGTCCATTTAATTT	1
GGGTTCCGCCCATTAGTT	1
TATAAAGGGCTCGTAGAG	1
GGGTAGGACTCGTGCGGG	1
ATAACCGTAGAGGAATTA	1
CAGGTTTTGTTCGCGGCA	1
TCGTTGTTAGCTATTGGA	1
TGACAGTACAGATCATAC	1
GAATAGTCAGAGGTTTTG	1
CCCGTTGTGTGCAGACTT	1
AAACAGTCACCACAGTCC	1
GTGATACGGATTCTGCTT	1
GCTACCACTAGCTGAGCA	1
GTAACTGTGTGCACGAGG	1
CATGTGGTTGTAATTAGC	1
AGGCATTCCAGGACCGGC	1
CAAAACCTTCGGGATGGG	1
TTTTTGAGCGCACGTGGC	1
GCTAGTTGCTTTAAGTGG	1
CATCTTCGGCGCGCTGTC	1
CGGTGGGTTGGTGGACGT	1
GGTTCCGTGTGGTCGTCT	1
TTTGCTAGTCAGAGGAGC	1
TATTCTATACTCCGCTTG	1
CCGTGTACGCTATTTGCG	1
AAAGTCTTCGCTTTATTC	1
TTTTATAGTGTCGCCGCC	1
CCCCGAATTGTTGCCCTG	1
AAATCACAGTGAGGGGAT	1
TCGGTAGAATTTTAGACC	1
CCGAGTGTGGCTGTAATG	1
CTATGCTGGTGTGTCGTT	1
GATTAGAGTTTTGTCATT	1
TTTCAACAACATTGGCTC	1
TGATACAGCTGGATCCTG	1
CGAACGGATTCGCAGGAC	1
AGTATTTTGTGGGTGTTG	1
GTCGGAACATGGCTATTT	1
AGATATCTTTTCGTAGGG	1
CCCGTTAGACGCTGTTCT	1
CATTATGACTAGGCGTGC	1
GATGCTTCCAGTGTACTA	1
CATCGTGACTAGGCGTGC	1
TTTGGAATTAGGGAGCGG	1
TAGGTTCTATGGGGCAAC	1
TACTGGGTCATGCCCGTC	1
GATCCGTGCGTGTGAGAC	1
ATCGTTATAGAAGTGCCT	1
GTAATTGTGTATAACAAT	1
GGGCGAATGGACGTTAAT	1
AGGAAAGATTGGTATCGT	1
TTCCGGTACAGTCTGTAG	1
TGATTTACCCACGGTGTT	1
CTGAAATTTTTTTGAGGA	1
CCTCCTTGGAGTGTTTGG	1
TTACTACCGATCAGTTGT	1
TTGATAAGGACTCCATTC	1
AGGTTAGTCCTAGGTAGT	1
TGGACACGAGGTCGGACG	1
GTTAGCGAGGGATTTGTC	1
GTTGTCGGCGTCATCAGT	1
CGATTTAATTGGTAGAGG	1
ATCTAACGTTATTCTTTT	1
GTAAGTTAAATGTGGGGT	1
ACTTGTCTATTGGCGGAT	1
GGTTTGCGTATATCAGAT	1
TCAGCTGAATGGACAAGG	1
TAACCTCTTTACCAGCTG	1
GATGGTAGCTCATATTGT	1
CGACTTCACTCTAGGCCT	1
GCTACCTCTTTGGAAAAC	1
CTTCTCGCGACATGTGCT	1
ATTGACCAGCTAGGTTGG	1
GCCGACTCAATGGTTTCG	1
ATTCTTCGTACGTCAGTG	1
GGGATTGGCCATATAATC	1
ATAACAGTGTGCACGAGG	1
CTTGTAATGTAGGCCCCA	1
GTTGCGCCTCGGGTAACA	1
TGACTCACTTGAGGCGCA	1
GTTAACTTTTGGTTGATC	1
TCGGGAACTACAATGTTT	1
TCGGTGCGCTAACTTGTT	1
CCTCTGGAAGGCCCGCTG	1
GCACCTGTGCAAGTCGAG	1
GTGTGGGGGAGCGGTGGA	1
TGTGTAAATGGGTGGCAC	1
GTTTTAATAGCCGGCTGT	1
TTGTTTGGGTTATTAGCG	1
CTTCCCAGTTTAGGCGGG	1
AGGTGAGTTGTGCTAATT	1
TAATCCACAGGCGAGCCA	1
GGAGTTGGGGTGTGCTGT	1
TTTTCTCGCTGCATTTTG	1
TCTATTGTCCAGCCCCTA	1
AGCGTAAGGTCCAATAAG	1
CTGTCTATACGAGCGCTA	1
TGTCCTACGGACGCGAGG	1
AAGAACGCAGTCTATACT	1
TGTGTTATCAAGCGTGGA	1
GGTGCGTTAAGAGCCAAG	1
CCTGTTTTATTGCGCACA	1
GGTGAACTTAAAAGTTTT	1
GCTTGGTCGTCGGAGCCC	1
GTTGGGTGCCTTCCAGGT	1
TGGGTATGGCCGGACTCA	1
GCATTGACGGGCGGGCGG	1
AATGAGTTGTAGTCTCGT	1
TTGAGGTTGTAATTGGAA	1
GATATATTTCGTACAATT	1
AATTTACTGTATTTCGTC	1
TTGCTGGGTCGTCTAGCG	1
GGGAACTTCTAGGCGCTT	1
TGCCGGTCCCTCATCGGC	1
TTGCTTTTAAGGTTTCTG	1
GTTCCTAGCAGATCTGTG	1
ATGGTCATTCTTTAAGAT	1
GGTACAATTTATCTATTT	1
ACCGGATCTTTTGGGAGG	1
TCGGGAACTACAAAGTCT	1
TTTGAATGCAGTAGTCAT	1
AGCTTTCGGAGTTCTGGT	1
GTAATTGTGTGTAACGAT	1
GGTGCTCGGTTTCCCGGA	1
TTTATTCTGGTTGTTAAA	1
GAATCACAGTGAGGGAAT	1
CGCTGCTTCGTGTCCTTC	1
AATAGTATATGGGGGAAT	1
GGGGTTGCGACGACTGGG	1
TTATTTGTTTTGTTTATC	1
CGACCTGGTGGTTTAGGG	1
TCCTAGCTTATGGATGTA	1
GCACCCAGACCAAGTCCT	1
AAGTCGATTTAGGCAATA	1
TCGGCTTCTTCTTTAGTG	1
AGGATGTCGTCGTACTAC	1
TCGGTATTGTTGAGTTGG	1
GATTACAGAGATGTGGTA	1
TTGTTCGGGGCCTTTTGC	1
GGTTTCCGCTCCGGCAGA	1
GCGTCTGGTCACACTTGC	1
GCCGTCAGTGCTTGGTCC	1
TCCGAGGTTTTTTGTGCC	1
TGGGTTTAAGAAAGCCGA	1
CTCTGTGTCACCAAAATA	1
TATCTTGTTTTAAATTAG	1
TTGAACCTTGTCGAGTCG	1
TATTTGGTCATTGGGAGG	1
TCATTATCTTCATGCCGG	1
AATGGATAGATTACAATA	1
CATGTGAATCGGTAAAAG	1
GTGTGTTGCACGCTTCTT	1
GTGTTAACACACGGCAGG	1
GAGACCGCCCGACGAGGG	1
CGTGTACCATGTGAGCGG	1
GTCAGTATATCCCTGGCA	1
CATGGGATATTTTCGGCT	1
GCTTGCCTAGTTAGAAGG	1
AGAGGCACAGCAGGAAGT	1
TGCAGGAGAGATGGTCTC	1
AAGGGCTTTCGGGTGTGC	1
GGGAAAGCTACTAGTACT	1
GGTGATAGTTTTCATAAT	1
ATTTAAACAAGTACCCAT	1
TGCTCATCATCTGGAATG	1
TATTCATGGTATATAGGT	1
CGATTTGACGGGGGGCGT	1
CTTCGAATTGTTGCCCTA	1
CTCGTTTTCCTGAGCTAT	1
TCTGGAAAATGATTCCTC	1
ACGAGAGATTGGTTGCTC	1
GATTACAGCGATGTCGTA	1
CAATTCTGGTTTCGTTAT	1
ATTTGGGTGATGGTCCCT	1
TCCAAGTAGCTGAAATTC	1
GCAGTCATGTGTGATATC	1
TCTTAGTTGACATTCAGT	1
GTTCGAGGCATGTGTGTC	1
GGTGGTGAGCGTCGTAAG	1
AGCGCGCTTTCGGTTCAG	1
GGTGATCAGGCCCCGCGA	1
GCGGTTTTGGTTTACGTA	1
GCCTCAGATACTTTTCTT	1
GATCTAGGTATTCTGCCG	1
AGATGTTGGGGGTTTCTG	1
CATTGTGACCAGGCGTGC	1
GCTGTGAGTTCATCAGAG	1
GTTGTAGCCAGTGGTGTT	1
TCTGTCCTTATTATGATT	1
GGGACGTCCAAGGGTTGT	1
ATTGGATGACGCTTCGTG	1
TAGTTGGTTTTGTGTATT	1
ATTTTGGTGTGATGATAG	1
CGGCGGCGCGTCACAGAC	1
TGATTTTCCCGGAGGCCA	1
GAAAAATTTATGAGAGCC	1
GAGATGGTGTAACTTGCC	1
GGTAAGCAGTATATAATG	1
GTAAACGCCCGCGAGGGA	1
TTAGGGCGCTGTATCAGA	1
TCGGTGCGCTAACTCGTT	1
GTGGCAAATAGGTGAAGG	1
GGTGGGTGAGCGACTCTT	1
GGACACCGAGCGATGACA	1
TGGGTTTAAGAGCGCCGA	1
TGTTTCTCGAAATCGATG	1
AGAAATCGATTTCCTTGT	1
GTGGAGTGTGTTAAACTT	1
ACACTTACTTTGTACTTT	1
TTGATTTTATAACTTTGT	1
ACCTCGGTAAATGTGTGG	1
ACTCGCTATACCTTAATC	1
CCGTATGAGATAGGTGCC	1
ACGTGGTGCTTGGCGTCG	1
TGGGATTAAGAGAGCCGA	1
CAAGCCATTGCTCATATT	1
AGGGTTTAAGAGAGCCGA	1
ATTGGATGACACTTCGTG	1
CATGTCCAAGTATGATTG	1
GGACTTGGTGTGTGCTGT	1
TCGTGAAATTATATTACA	1
AGTATAACAATTTGGGCA	1
GGCACAAGACGAATGTTA	1
TAGATCCTACCTGGCTGA	1
GCCTTTGGTTGCGTGTTT	1
TAGTGTTAAGCCAGGTGT	1
TCATGATCCTGTAAATGC	1
TCGTCGTGACGAGTGGTA	1
GGGTTGTCCGACGGCGGT	1
CTGAGATTGGGACTCAGC	1
TGACTCGTGGCTGAGGGT	1
GGATCCTATTAGTCGAGG	1
TGGTTAGTCGGATAATCG	1
CATATCATGTTTTTGTCA	1
GGCTTACTCGAGTGAGTT	1
TTGTGCCCTTGAGCGTGT	1
GGCATAGCCGTGCTGACC	1
TCTTTCAGTGTGTCTCCG	1
CTACTTTTTATTTGGGTC	1
GAGAGGAGTCGGGTTGGC	1
TATTACAGAGGTAGGAGT	1
AGTTGGTGGATAATTCGA	1
CCTATGTTGCTAACTTTG	1
GATTTCGTTACTCGGTTC	1
ACCGTGGTTGGCCCGAAT	1
GTCCTTGCTTACTCGTCT	1
GGCTTACCGTTGGGATAT	1
TGGAGGGTTGGAATAAGG	1
CCTCGTGTTATGAGTGTG	1
GGCGCATATCTTGGACGT	1
GCGCGGAACGCGGAGGTT	1
GGGGTGTCCAAGGGTTGT	1
GCTTATATATTCTGGAAC	1
CGAGGCACCAGCTCGTCT	1
ACTTCTTCTCCCAGATGA	1
TTTCGATTATCGACTTAA	1
TTACTATCGATCAGTTGT	1
TTTCATCGGGGTATTTGC	1
ATGGTCCGGGCCACCAGT	1
TTGAGGTGAAGTGTCACA	1
GCGAGTAGAGCGTACACG	1
GTTAGTTTATTTTTAATA	1
AAAATACAGGTCACGGGA	1
TGGATACTAGGCAGACCG	1
ATCTCTCCTTAGTTCGGG	1
CTGATGTGTGGGGTAGAT	1
GCTAATCGGCTACGTCTC	1
AGGGGCGTCTCGAGCTCG	1
CCACCCGCCTTGGGTGGA	1
GTTACCGGAGCTGCGTGC	1
TCACATACTGCCATGTGT	1
TCTATGTGCTTTGGGTCT	1
ATTGGGTGCAATGGCTTA	1
ATCGAGTGTCGGCTACCG	1
TTATTTACTTTTCGTTAG	1
CGGGAACTGGTATTCCAG	1
GACGGTGTAAATGGTGTT	1
CGTTCAGTAGGAGCAAGG	1
CATTTTCATCTGGTTTGC	1
TCTGAAATCACGTATGGG	1
CTTCTTAAGATCACTATG	1
GTGTGGGGGTATTGTTGG	1
TTCAGCAATACGTGCGAC	1
AATGGCCACAGCTGTTCC	1
CACATTTCCAGCTCCGCC	1
CTGTCTACTGTGTTTGTT	1
CGAGGCACCAGCGCGTTT	1
TTGATGTTACCTTACGCT	1
TCATATCTAACGCTTTGG	1
TGTTGGAGCTTTTTGAAC	1
CTATTTGGCACATCTAGT	1
TTACGCGTGGCCTTCAAT	1
TGTAGGTTCGGATGGTCG	1
ATAGGTGTGGGCGACTAA	1
TTGCATTGTGGGCTTAGT	1
AGTCAAGTATAACGGGGT	1
GTAGTCGGTAATGCATCT	1
CCCAGGGCTCAGGTGATG	1
CCTGGGTATTAGGTTCGG	1
TTGTCTCGATCGTACCTT	1
GGAAGTGCGGTTAGCTGG	1
ACTCAGCTTTCCTACATC	1
TAAAGGAGCATTAACCCG	1
ATGGCTTGTTAGTCTGGG	1
CATAGTGACTGCATCCGT	1
TAATGAAGTAAGGGCTGG	1
CCTTCTTTCTTTCGTATG	1
TTTCATCGGGGTACATGC	1
ACCTCGATATAGCACGTG	1
TGGGTCGCGTGTTAAAGT	1
ACCGGGGGTGGATAATTA	1
TCCTAGCTGGGAGTTTAT	1
CCCAAGGTAGTCGTGTTT	1
GTCACCAATCCTGTTGTC	1
ATGGGCGAATGATTAACA	1
CGTATCAATATTTTCGGC	1
GAAGATTGGTCGCATGGT	1
TGGGTTTAAGAGGGCCGA	1
TTGTCCGTACTGCGTGAT	1
TATTGTTATGGGGATCAT	1
TGTACTTGAGGATATTCT	1
GCTTATATATTTTGGAGC	1
TGGCACGATCTGCTCGTT	1
CCTACGGTATATGCTACA	1
TTGTTGACCTTGGGCGAG	1
CGGGTAAGTTTTACAGCG	1
CCATTATTGTGGATTTCG	1
TCGGAGCCTTGAGATTGA	1
TGCAGTCAGCCTCAGTGT	1
AATCAAGTTACCAAATTT	1
GCCCTTGCGGGGCCCCAC	1
TCCTTGTTTGGATACACG	1
TTTATTTGTAGCGATACG	1
AATTGTCCCTCGTAAGAG	1
ATCCGTAACCACAGTGAG	1
ATTATATGGCACGTTTCG	1
GTGCTGCCTGTTTGTTCG	1
CGGAGACCGTGTTATCGT	1
GTGTGAGTCCCTGTCTTA	1
TGGTTCGGCTCAATTGTA	1
TTATGAAGAAGTTCGAAA	1
TTTTAAAATGATGGTGGT	1
TCATGGACGGGGTAGCGA	1
CGAACGGATTCGCAGGAT	1
GGCTAGCTCTTAGGTAAC	1
ATTGTATATATGCTTGTA	1
CGGCCGGGTTAATCTCAA	1
CGGGCTGAACTATTGCTC	1
AATGTTCCGCCGAATTGT	1
GTCTGCGCAGCTAGCGTG	1
AGGGCTTTGCTGTTACAG	1
GGATATTGACAATGTAGC	1
GTTCCGTGAGTAGTCCGG	1
TGATTGGTAGGACGGGAA	1
GTGGTAGGTGGTGCTTCA	1
TTAATCACCAGGCGAATA	1
TATTAGCGGGTCGCCAGT	1
TCGGTCACGGAGATTGGG	1
TGTGTTAGAGGTGGAGGT	1
CTGTTCCATTTTTGGTTC	1
TGTTGGGTAGTGTTCACC	1
CTGAACTGATCGATGTGG	1
TATGGTAGTCCTGGCTAT	1
TACTCATCTTCATGATTA	1
TCAAGTAATGGTGTAATC	1
TCGAACCTCAGGTCATTA	1
GATGAGTGTCGTATCTAT	1
CGGGTTCATCACGGTGTC	1
GGCACGTTCCAGACTATC	1
AAATTCACATCTTAACGG	1
CCTTTGAGTGGGTATGAG	1
GGTTGCTTAGCCAAGTTC	1
TTTCACCGATGGATATTC	1
TTAGGCATTTGGTCGCAG	1
ATATGCCGTGGATCTAGC	1
ATTGTTGCATAGGCGTTG	1
GGTACCCCTTGGTGTACA	1
TGCTTTGGTGGGCAGTGA	1
TAGTCTAGTTCGGAGGCC	1
CTACTCTGTATCGAGATT	1
GCTTCGCACGCGGTGAGT	1
ATGGCTGGCTCGAGTTGC	1
ACCGAGCTGAGCTTGCCG	1
CAGTCTAGATTCTGCTCT	1
TACGCCTAGTTCTTAAAC	1
GGGTGCTGCCCGTGCTCG	1
TGTGTAGTTGTAACATGG	1
GCTCATGGAGGAATGACA	1
AGGTTGTTTAATCTCATA	1
GGGTACCAGTCGCTTAAG	1
GCAGTTTGATGTCACCAC	1
TTTGTACGTAGTGTTGTT	1
GTGAATCGTTGCAGACGG	1
TCGACTATAATCAGGGGT	1
GTGAACGGCGAAAGTCCT	1
ACTGTCTATGTCTCTAGT	1
GATCTCGTCTCCTCACAA	1
GTTTAGCGCCTGAAATCA	1
TGGCATTATTTTTTGCGC	1
GCTACCACTAGCTGTGCG	1
GCGGGACATTGGGGGAAG	1
ACTAGTGACGACTTTAGG	1
TAATTGAATAATAGCAGG	1
AGGCTGGAGTAAGAGACG	1
AGATGACCGGGAGTTAAA	1
CAACTGACGAAGGTTTTG	1
ATTCTTCGTACATCAGTG	1
ACTGTGAATGTTCATACG	1
GGGGCTTAGACTCGCTAT	1
TGCACCCTTGCCTGGGCG	1
CTCGCGACCGCGCCCTGT	1
CGCTATTGTCGAGCTACG	1
TGTTGTGCACTATTGGAT	1
GCCCAGCCTGGAGTCTTG	1
GTCGCGAGACAACGTACG	1
AGGCCGTGCAGAATGCAT	1
AGTCCTGATAGTAGTTTT	1
TGTGGTCGCTGGGATCGA	1
GGAGGGGGTGTGATGTAA	1
AGCGTAATGGGACTATTG	1
TGAAATGGAACGGTTAGT	1
AAGGCCTTCGCTGAGCCT	1
GGCTCACTTTCTCGTCTA	1
CCCAAGTATGGGTGGGTT	1
TTACGCACCCTTTATGGG	1
TGGTACCTTAAGAACTCT	1
GGAGTTATTATGTTGTTG	1
GAGTGTGTCACGTAACAT	1
GGCGGAAATATATTCCTT	1
TAGTTATTTGGGGGCTGC	1
GATGGTCATAGGGGACTG	1
CTATCAACGGCGGCTCTT	1
AACAGTAATGGGTTTTCT	1
TTTCTTAGTACGAGAGTC	1
CGCCAATAGCTCAGCTGC	1
CTACGGATAGATATTTAT	1
GATATTTCAGTTTGCGCG	1
GCTTATACATCTTGGAAC	1
GATACTAAACCGAGCCGT	1
CCCGGTATGCTTAGAGTA	1
TCTATTGTACATCCCAGC	1
GACCTCTTCAAACAACAG	1
TTAGTGCAAGGCTTTGAG	1
AGATGACTGGAGTTAAAT	1
GGTCGTCCACAGCCCATA	1
TATAGGACCCTAAGAGTG	1
GTGTATGTTGGTAAGAGG	1
CACGAGATGTTTTAATGT	1
CTATCTACCCTATTCTTG	1
GGCGTTGGGAAGGCCGAC	1
AGCTCTGGGGTTAATTTC	1
GGTCACAACCTTGGGTCT	1
TATGTAGTACCTTGCTAA	1
TGTCAGTCGGGGTCTGTC	1
GCTGAGGAATTTAGGTTG	1
CTCAGGGAGCGCTGGTGG	1
GGTAAACTTTTACAGCAT	1
TTGCGTTCGTCGGATGTG	1
TTGGCTTCCTGGAACAAG	1
CAAGCAATTGCAATATAC	1
TGCGCGTTGTCTGTCCAA	1
TTTGATAGTTATGAAAGC	1
GACGTTTACATCATTTTT	1
CGGTTGTATTTATTGTGA	1
ATGCACTTGCGGGTTGGG	1
GTGCAGTCATGCGGCCGT	1
ATTTAGCTAAGTAGTGGT	1
TAAGCGGGAGCGATTTCG	1
AGATGGTGACGGCTAGCA	1
CAGAGGCGGTTATTCCCG	1
CCGGGGTGTGGTTTATAT	1
AACTGTAGGATGATTGTA	1
ATAGGAGTACGATGGTCA	1
CTATTTGGACATCGAAGA	1
TTAGTTGTTGTACACCAC	1
GTGGTGATATGTGTAGCG	1
TAGTCCTGTAACTTTCGG	1
GAGTGGGCCAAGAGCTTA	1
TCTATTGACCCAAGTGAG	1
TTTACTTGAGGGAAGGAG	1
TATTTTAAAATGGTCGAT	1
TGGGCTTAAGAGAGCCGA	1
CGGTTTTTTTAGTAGCAG	1
AATGGAGCTCTTCGCATA	1
TTTTAAGTTGCCGGATAT	1
TTGACGTCCCTCCATAAA	1
CTAAAGAGGAAGGGATAG	1
GCGTGGAACGAAGTGCGT	1
TCGAAATGGGGCGGTGGT	1
TGAATTTTTACTGGGGGT	1
CTTAAAGTTTGCAATTCT	1
GAGTGTATAAAGAGCGGC	1
AGTATTGACCGCCAAGAC	1
TACTAGGTCTGGCGTAGG	1
TGGAAGACGTGTCTCCGG	1
TGTTGGTATAAGGCTGCG	1
TTGATCCGTTAATCACGT	1
GGGTCTTCGATTGAAAAG	1
GTCTAGTATTGGTTTCTT	1
TAGTGTTGAGTCAGGTGT	1
TTAGCCGAAGTAGAGTCG	1
GTGATCCTAAGTTTTCAT	1
GATACGTGCTGCGACTCG	1
TTTTATAGTGCTGCCGCC	1
TTATTTGTTTTGTTTATT	1
ACATCGAATAACATGCGT	1
GCCAGACGCACGTGACGC	1
GCTGAGCTACGTTAACTG	1
TTGACACCTTAATGATCG	1
AGTTCTGAAAGTAGTTTT	1
ACGTACGGTGTCCACATG	1
GCAAGGCAAGGTAATTAG	1
CTTCCCGGACTTATGGCG	1
GGTTTGGCATCAGACTGG	1
CAGCAACCGAAACTGGGC	1
AACAATGCAAATGATGTA	1
GTACGAATTTGCGCTCTA	1
ACGAATGTTAAAACCAAG	1
GGCGTTTGAGGTGTTGTG	1
CTTAGCTCTAATCTTACC	1
TCTTTTGACCCCAGTGAG	1
TCTTTGAACGCCGTTTTC	1
AATTTCCTAATGGATTAC	1
AGCGGCCCTGATGCCACG	1
GTGTATGCTGGTAAGAGG	1
TCTTGTTAGTTCGGCCTT	1
TACTTTTGTTGCTGAGCC	1
ACCTTGGGTTGGCCCACG	1
ATTTAACATTGGGCTCGC	1
TAGGGGCTTGTAGGCGTC	1
TGAGGGTCCGCTGCTGTA	1
CGTGAATTTGTCAGTTTG	1
GTATACAGCTTAGGATAC	1
GCCTTAAAACGTCTTGTC	1
GAATCTGGGGTGCTTGGC	1
TTTTTAGACTGCATCTTC	1
TTGGTTGTATATCGTATT	1
CACCTGTGATTTACCTAC	1
CGGTACAATGCTAAAGTT	1
CTAGCTTGAGACTTCCTG	1
TTTTATAGTGTTGCCGCT	1
GCTCATCTTTTCGGTCTA	1
CACTACTATGTGTTCAGA	1
TGAGTGCATGGTGGGGTT	1
GCCACTTATTGCGCTATG	1
CGGGTCATTTCGCTAGTG	1
CGTATAGGGTATGCCGCT	1
GGATGACTGGGAGTTAAA	1
CGCCTCGTCCTATGTTCG	1
TTGCAAACAGCGCACCCT	1
CAGTGTAAGGCGGAAGGA	1
ACGTGTAGGGGAATTGAC	1
GATATGTATTCATTTTTC	1
GGTCTCCGCTCCGGCATA	1
AAAGGCGGGCGTCGCCCC	1
AGATTGCATGTGGCGTCT	1
GAGCCCCTTAGATAGCTA	1
TATGTCCGCGCCTCAAAG	1
GTATTTTTCCTTACCTTG	1
TGTGTTAGTCGCCGATAG	1
ATACTGACACTTACATCG	1
GTGCAGTCATGCGGTCGT	1
GGGGAAACTCTCTATTTG	1
TGACTCCCTATGGTTGGT	1
GAGCAATTCCGTCCTCAG	1
ACATGGTTCCGTAGTCGT	1
TGTACGGATTTATCTGGA	1
GCGCCCAACACATTTAAC	1
AGGCTGGCAGCTCTTCGT	1
GTGCGCTAACCATCTTGG	1
TCTACCGGAGCTGCGTGC	1
TGAGATGGTGGCCAATTA	1
TTTTCCTCGATTATTACG	1
TCCTAGCCTACGGATGTA	1
CGGCGTGATCTGGATTTG	1
TCGGACATCTTGTCTGCG	1
GCTTATGTAGAACATTCG	1
TGGCGTGCGTGTTTGATG	1
CTAATGATGTGGCTATTT	1
ACAAATGCTGACCGTGTA	1
GGGGTTGGCCAGGCGTCT	1
TTTGTTAGTCGGAGGAGC	1
CGTGAGGGAACATGGGGA	1
TCTTACATTAGGGGGTTG	1
GTTCCGTATAGGGGTACG	1
CAAGGGTGTCTTCATGAC	1
AAACCAAATTTAACACAA	1
GTCATCCTTTGCGTGGAG	1
ACCATCTTTGTCAGTATA	1
GCGAACTAACCGTTAGGC	1
ATCCTGGGGATCGTCATG	1
CGAGATAGAGAATAAACC	1
TTGGTGGGTGACTGGTCA	1
CTATTTCTTTCGTTATTC	1
ATAGAAGTCAGGGTGGAT	1
CAAGTCGGGCGCTAGGAA	1
TTGTGAGACTATATTACA	1
TTAGGCGGGTAAGCAGGA	1
TTGCGTGTTTGGATCTAG	1
GGTTGGAGTGTAGGAATG	1
CCAGTAATTGGGCGTATG	1
TACGGAGTATTGGGAGTT	1
CTATCTGGCTCGATAGCT	1
TAGCGGACTTGCACTCCT	1
AAGGGGGCTCTCCAATGG	1
GTTGGTCGAGGTTGTTGT	1
ACGAGGATAAGGGAGATG	1
CCCTACACACGGTCTTTT	1
ACAGGTATAGGGGCTTGG	1
TGGCCGCTATACTTTGTG	1
GCACGTGACAGGTACTTC	1
CTGACCGTTCGGGTTACT	1
TTTGTGGTTTAGAGCGAT	1
GAGGTCGGTCTTTGTCGA	1
CGTCTCGTCCTATGCTCG	1
AGAGGCGTCTATTGATTA	1
GGCTTCATATTACGTAAT	1
TGTATTGACTGCCAAGAC	1
CTTTTTAAAGATATGGCG	1
CTGTATAGTGGAATTTTA	1
CCCGTTTCATGTTACGGG	1
GTTTATAGAGGTAGTTAG	1
CCTTCTGAACTCTTTTGA	1
TGTGACAGGCTGTAATAC	1
CCATGTACGCTATTTGCC	1
GCCTCCTCTATTATTTAG	1
AGTAGTACACTATTGGCT	1
TCAGTAGTTGGAGAAAAT	1
CTGGTAAACTCGGTAAAA	1
TCTGATACGTAGTTTTGG	1
TGCTGAGTTAGGGTGCCG	1
TCTCGCCCTACAGTAGCT	1
CGGCTGTAACAGGGAACT	1
CCTATGATAGAAGTTGGT	1
ATGACTTGTCTTACTAAA	1
AAATCACAGTGAGAGAAT	1
CATATAGCCAAGGGAGCG	1
ATTTAAACAAGTATCCAT	1
GAGCAGATGAGGGGTGAT	1
GCTGGTTTGTCGCTGGGC	1
GGGAGAGGCGGCTGCCTA	1
GTTACCTCTGCATTGATA	1
GTGTTGGTTAGTCACGTT	1
CAAAGGCCGCTTTTCGGC	1
GCGTCGCCTTTGTGTTAT	1
TCCTTTGACCCAAGTGAG	1
AAAGGTATCAAGCTGTAA	1
ATGGCTTGTTCATCTGGG	1
GCTGCCACTAGCTGTGCA	1
TGTTCGTGAACCTAGTGA	1
CACCGACATTCGGTAGGT	1
AGGTGCTATTGGAATTTT	1
ACGAGGCTCTGCTCTGGC	1
GAGGATAGGGGGCGCACC	1
CTATTACCTAATGTATAA	1
TATGTTATTACAAGAGTT	1
ATACGAATTCGCGCTCTA	1
TTAGGAGCAAAGGCGAAG	1
ACTTTGGATTGTAATGCG	1
GCACCCTCGTGCATGTGA	1
TTGCATTGTGGACTTAAG	1
TGCGGGAGATTTGGTGTT	1
CCCACGCTACTGGTAAGG	1
AGTCCGTGCCAGATGGAT	1
AGTGACGTGGCTAAGGGG	1
GGATGTTCAACAGTATGA	1
AGAATTTCTGTATGTTCG	1
TGGGGCCTATTCCAATTT	1
TGAGGGTGAAGAGGTTCA	1
AAGAGGATCTCATTAGGC	1
TGGGATGGTTGTTCGGTA	1
CGGAAAAGGGGTTCGAGT	1
CTTTCACCGTTAACCTTT	1
TTTTACAGTGTTGCCGCC	1
CTCAGATGTCTACTAGAC	1
CAATCACTTGATATTTAT	1
CACAGGATTTGCTGGATT	1
AGATCGCCGAATGCGGAC	1
GGCTCTTAAGACTTAACC	1
GCGTCAACCCTTAGAGAT	1
AAGGGGGCTTTCTAATGG	1
GTCAGGATCATCGCGGCC	1
CTACTCTTTATTTGGGTT	1
CAATCCAATCGATCCATT	1
CTTTTTTAGAAATTGGAG	1
GTAGGTGGTGCTTGGATG	1
TAGATGGCGAGTCGTGAT	1
TGAGTTAATGTGCCAGCG	1
TCGCTAATAGTTATATGC	1
GGTACCGTTCCGATGTTC	1
TCTCGAAGGTGTACTGTG	1
TGACTAGGGTGACCATTA	1
GCGGAGGTCTGTCGTCGG	1
TGGGTTTAAGGGAGCCGA	1
GAGCCTGAAAGCATGTGA	1
AAGAACATACGCGGACTA	1
AATTGGTGAATTGCGCGC	1
CATCTTGGTGCGCTAATT	1
TCGACATTGGTAGAGTGT	1
GCTGATTTTTGATCATTT	1
CTGAGGTGGGGTATAAAT	1
TATATAGACGAACCTTTT	1
CACATGAGATTGCTCGAG	1
CCATAGATATCCCTTTTC	1
TAGTGAAGCTGATTATTA	1
TGGTGTGGATGTTAGCGC	1
GTAACAACCAGGTCTGAC	1
AGTGGCGTACAGAGTAGT	1
CTTCTTCTATGTGAAGCG	1
AATTTACGAACGTGGGGG	1
TGTTTAGATTAATAGGAA	1
GAGTGGGCACCGTTAGTA	1
CGATCGCCCACCAGTTCT	1
TTCAAGTTATTTATTGCC	1
TATGCCATTTTGTCTGTC	1
TGTGCACTGCGGCTCAAT	1
ATACGAATATGCGCTCTA	1
GGGACTGCGCACTCGGAA	1
TCTCGGTGTAGGCTAGCG	1
TGCATCGGTTATGTGCTC	1
GCTCCGTACTGAGCCACT	1
TAGTGATACTAGGCCGGG	1
GTGCTTGTTCTAGCTGAC	1
TATAGTGGAACTAGGCAG	1
TTTATTGTGGAAACTCGG	1
CCCTGTTGACATTTTATA	1
TCTTCCCCTATATTCTTT	1
TCATCGTGTGGCTACGAA	1
ATCTGTCACCTGGCAACA	1
TTCCTATTTCGACGTAAT	1
ATTGGACTGGCTCACATC	1
ATGAGGAGTGATAAACTG	1
TTGTTGTGATCTATTTTA	1
GTGATCGAAATAAGGTAC	1
AATATTTATGTAGGGGAG	1
AGTGTTTTGTGGGTGATG	1
GTAGATTTTTTCCTGGTG	1
TATTGATATGGGGATCAC	1
GTATATTAACGGAGTTCC	1
AGAGAGGTAAACCTATTC	1
ATTTGTGCGAGGTGTGGG	1
ACCTTAGCCGAGGGTCCG	1
GATTTTATTTAGGGCGGA	1
GGGTGGCGAATTGTAGAA	1
CAGTACTTTTTGACTAGT	1
GGGTAAGGCTATTTGCTT	1
TGCACCAGTTATTGGCGG	1
TTACCGTTCTTATCTTGG	1
TGGAAGGAGTAGTAGAGA	1
AGATATTTTGTCGTAGGG	1
GCTCCAGTGCTATGTAGA	1
TAGCGGTACCAATTGCGC	1
TGTTTAGATTGATAGGAA	1
GGATTTCTATATTCCTCT	1
GACGGCAGTCTTGTTCAT	1
TTGTTCTTGTCAGTCTAG	1
GTTCCGTGTGTGTGAGAC	1
ACCAGTGGACTGGCTAGC	1
AAGGGGTTGTAGCCAGTC	1
GTACAAGCCATCTTTGTA	1
CTTGATCCGTTAACATCA	1
AAATTGGTTCAAAATTCG	1
CGGTTGGTTACAGTACAT	1
GTGTTAATAATAGTATTT	1
TGAAATGGGACGGTAAGT	1
GGACTTGGGTGTGCTGTT	1
CGTTTTTACGTGGGTTGT	1
TATCTGTATTTTAGCATC	1
CGGCAAGTGAGCTAAAAG	1
GGTGAAAAGGTGTATGTT	1
GGGGCGCTCTCAAGTGCA	1
