Name	Condition(s)	Clinical significance (Last reviewed)
NM_000314.7(PTEN):c.1A>G (p.Met1Val)	PTEN hamartoma tumor syndrome|Hereditary cancer-predisposing syndrome	"Pathogenic(Last reviewed: Nov 22, 2019)"
NM_000314.8(PTEN):c.7G>A (p.Ala3Thr)	Hereditary cancer-predisposing syndrome	"Uncertain significance(Last reviewed: Jul 9, 2019)"
NM_000314.7(PTEN):c.8C>T (p.Ala3Val)	Hereditary cancer-predisposing syndrome	"Uncertain significance(Last reviewed: Apr 5, 2019)"
NM_000314.8(PTEN):c.11T>G (p.Ile4Ser)	Hereditary cancer-predisposing syndrome	"Uncertain significance(Last reviewed: Jan 16, 2020)"
NM_000314.7(PTEN):c.13A>G (p.Ile5Val)	PTEN hamartoma tumor syndrome	"Uncertain significance(Last reviewed: Oct 1, 2018)"
NM_000314.7(PTEN):c.16A>G (p.Lys6Glu)	PTEN hamartoma tumor syndrome|Hereditary cancer-predisposing syndrome|Intellectual disability|Macrocephalus|Delayed speech and language development|Ventriculomegaly|Global developmental delay	"Conflicting interpretations of pathogenicity(Last reviewed: Jun 16, 2019)"
NM_000314.7(PTEN):c.21G>C (p.Glu7Asp)	PTEN hamartoma tumor syndrome	"Uncertain significance(Last reviewed: Jul 13, 2018)"
NM_000314.7(PTEN):c.25G>A (p.Val9Ile)	Hereditary cancer-predisposing syndrome	"Uncertain significance(Last reviewed: Apr 5, 2019)"
NM_000314.7(PTEN):c.28A>G (p.Ser10Gly)	Hereditary cancer-predisposing syndrome	"Uncertain significance(Last reviewed: Jun 28, 2012)"
NM_000314.7(PTEN):c.30C>G (p.Ser10Arg)	developmental delay with seizures	"Uncertain significance(Last reviewed: Apr 11, 2017)"
NM_000314.7(PTEN):c.34A>G (p.Asn12Asp)	Hereditary cancer-predisposing syndrome	"Uncertain significance(Last reviewed: Jun 21, 2017)"
NM_000314.8(PTEN):c.35A>T (p.Asn12Ile)	PTEN hamartoma tumor syndrome	"Likely pathogenic(Last reviewed: Aug 12, 2019)"
NM_000314.7(PTEN):c.35A>C (p.Asn12Thr)	PTEN hamartoma tumor syndrome	"Pathogenic(Last reviewed: Mar 1, 2017)"
NM_000314.7(PTEN):c.36C>G (p.Asn12Lys)	Hereditary cancer-predisposing syndrome	"Uncertain significance(Last reviewed: Jan 17, 2014)"
NM_000314.8(PTEN):c.37A>C (p.Lys13Gln)	PTEN hamartoma tumor syndrome	"Uncertain significance(Last reviewed: Apr 1, 2019)"
NM_000314.7(PTEN):c.37A>T (p.Lys13Ter)	PTEN hamartoma tumor syndrome	"Pathogenic(Last reviewed: May 17, 2017)"
NM_000314.7(PTEN):c.40A>G (p.Arg14Gly)	Cowden syndrome 1|PTEN hamartoma tumor syndrome|not provided	"Pathogenic/Likely pathogenic(Last reviewed: Jan 1, 2019)"
NM_000314.8(PTEN):c.41G>C (p.Arg14Thr)	PTEN hamartoma tumor syndrome	"Uncertain significance(Last reviewed: Dec 9, 2019)"
NM_000314.8(PTEN):c.41G>A (p.Arg14Lys)	Hereditary cancer-predisposing syndrome	"Uncertain significance(Last reviewed: Jul 6, 2018)"
NM_000314.7(PTEN):c.44G>C (p.Arg15Thr)	Hereditary cancer-predisposing syndrome	"Uncertain significance(Last reviewed: Apr 17, 2014)"
NM_000314.7(PTEN):c.44G>A (p.Arg15Lys)	PTEN hamartoma tumor syndrome|not provided	"Likely pathogenic(Last reviewed: Mar 23, 2020)"
NM_000314.7(PTEN):c.45A>C (p.Arg15Ser)	not provided|Hereditary cancer-predisposing syndrome	"Pathogenic/Likely pathogenic(Last reviewed: Feb 1, 2019)"
NM_000314.7(PTEN):c.45A>T (p.Arg15Ser)	not provided|PTEN hamartoma tumor syndrome	"Pathogenic/Likely pathogenic(Last reviewed: Apr 25, 2019)"
NM_000314.8(PTEN):c.46T>A (p.Tyr16Asn)	PTEN hamartoma tumor syndrome	"Uncertain significance(Last reviewed: Apr 30, 2019)"
NM_000314.7(PTEN):c.46T>C (p.Tyr16His)	Hereditary cancer-predisposing syndrome	"Likely pathogenic(Last reviewed: Nov 20, 2014)"
NM_000314.7(PTEN):c.46T>G (p.Tyr16Asp)	not provided	"Likely pathogenic(Last reviewed: Dec 23, 2016)"
NM_000314.7(PTEN):c.48T>G (p.Tyr16Ter)	Colpocephaly|Macrocephalus|Global developmental delay|Megalencephaly|Seizures|PTEN hamartoma tumor syndrome	"Pathogenic(Last reviewed: Apr 27, 2018)"
NM_000314.7(PTEN):c.48T>A (p.Tyr16Ter)	not provided|Hereditary cancer-predisposing syndrome|PTEN hamartoma tumor syndrome	"Pathogenic(Last reviewed: Jul 4, 2019)"
NM_000314.7(PTEN):c.49C>G (p.Gln17Glu)	Hereditary cancer-predisposing syndrome	"Uncertain significance(Last reviewed: Jul 25, 2017)"
NM_000314.7(PTEN):c.49C>T (p.Gln17Ter)	Hereditary cancer-predisposing syndrome|PTEN hamartoma tumor syndrome|not specified	"Pathogenic(Last reviewed: Jan 15, 2020)"
NM_000314.8(PTEN):c.50A>G (p.Gln17Arg)	PTEN hamartoma tumor syndrome	"Uncertain significance(Last reviewed: May 24, 2019)"
NM_000314.8(PTEN):c.54G>T (p.Glu18Asp)	PTEN hamartoma tumor syndrome	"Uncertain significance(Last reviewed: Oct 27, 2019)"
NM_000314.8(PTEN):c.55_56delinsTT (p.Asp19Phe)	Hereditary cancer-predisposing syndrome	"Uncertain significance(Last reviewed: Aug 12, 2019)"
NM_000314.7(PTEN):c.55G>A (p.Asp19Asn)	PTEN hamartoma tumor syndrome|Melanoma	"Uncertain significance(Last reviewed: Aug 4, 2019)"
NM_000314.7(PTEN):c.56A>G (p.Asp19Gly)	Hereditary cancer-predisposing syndrome|PTEN hamartoma tumor syndrome	"Uncertain significance(Last reviewed: Jul 8, 2019)"
NM_000314.7(PTEN):c.59G>T (p.Gly20Val)	Hereditary cancer-predisposing syndrome|PTEN hamartoma tumor syndrome	"Conflicting interpretations of pathogenicity(Last reviewed: May 14, 2019)"
NM_000314.7(PTEN):c.59G>A (p.Gly20Glu)	not provided	"Uncertain significance(Last reviewed: Jan 5, 2017)"
NM_000314.7(PTEN):c.64G>T (p.Asp22Tyr)	PTEN hamartoma tumor syndrome	"Uncertain significance(Last reviewed: Oct 4, 2018)"
NM_000314.7(PTEN):c.64G>C (p.Asp22His)	Hereditary cancer-predisposing syndrome|not specified	"Uncertain significance(Last reviewed: Apr 4, 2017)"
NM_000314.7(PTEN):c.65A>G (p.Asp22Gly)	Hereditary cancer-predisposing syndrome	"Uncertain significance(Last reviewed: Feb 10, 2017)"
NM_000314.8(PTEN):c.68T>G (p.Leu23Ter)	Hereditary cancer-predisposing syndrome	"Pathogenic(Last reviewed: Sep 3, 2019)"
NM_000314.7(PTEN):c.70G>T (p.Asp24Tyr)	not provided	"Pathogenic(Last reviewed: Jul 13, 2016)"
NM_000314.7(PTEN):c.70G>C (p.Asp24His)	Hereditary cancer-predisposing syndrome|Ovarian Neoplasms|not specified	"Pathogenic(Last reviewed: Apr 5, 2019)"
NM_000314.7(PTEN):c.70G>A (p.Asp24Asn)	Hereditary cancer-predisposing syndrome	"Likely pathogenic(Last reviewed: May 20, 2014)"
NM_000314.7(PTEN):c.71A>G (p.Asp24Gly)	Inborn genetic diseases|PTEN hamartoma tumor syndrome	"Pathogenic/Likely pathogenic(Last reviewed: May 28, 2019)"
NM_000314.7(PTEN):c.72C>G (p.Asp24Glu)	Hereditary cancer-predisposing syndrome|PTEN hamartoma tumor syndrome	"Uncertain significance(Last reviewed: Nov 4, 2019)"
NM_000314.7(PTEN):c.73T>G (p.Leu25Val)	PTEN hamartoma tumor syndrome|not provided	"Uncertain significance(Last reviewed: Jul 2, 2019)"
NM_000314.7(PTEN):c.74T>C (p.Leu25Ser)	not provided	"Uncertain significance(Last reviewed: Jul 1, 2014)"
NM_000314.7(PTEN):c.75G>T (p.Leu25Phe)	Hereditary cancer-predisposing syndrome	"Uncertain significance(Last reviewed: Apr 5, 2019)"
NM_000314.7(PTEN):c.76A>C (p.Thr26Pro)	not provided	"Likely pathogenic(Last reviewed: Jan 18, 2016)"
NM_000314.8(PTEN):c.77C>A (p.Thr26Asn)	PTEN hamartoma tumor syndrome	"Uncertain significance(Last reviewed: May 21, 2019)"
NM_000314.7(PTEN):c.77C>T (p.Thr26Ile)	Cowden syndrome 1|PTEN hamartoma tumor syndrome	"Uncertain significance(Last reviewed: Mar 29, 2019)"
NM_000314.7(PTEN):c.80A>G (p.Tyr27Cys)	Hereditary cancer-predisposing syndrome|Inborn genetic diseases|PTEN hamartoma tumor syndrome	"Likely pathogenic(Last reviewed: Nov 22, 2019)"
NM_000314.7(PTEN):c.80A>C (p.Tyr27Ser)	not provided	"Pathogenic(Last reviewed: Jul 6, 2016)"
NM_000314.8(PTEN):c.82A>G (p.Ile28Val)	PTEN hamartoma tumor syndrome	"Uncertain significance(Last reviewed: Dec 24, 2019)"
NM_000314.7(PTEN):c.87T>A (p.Tyr29Ter)	PTEN hamartoma tumor syndrome	"Pathogenic(Last reviewed: Oct 23, 2017)"
NM_000314.8(PTEN):c.89C>G (p.Pro30Arg)	PTEN hamartoma tumor syndrome|Hereditary cancer-predisposing syndrome	"Uncertain significance(Last reviewed: Jan 9, 2019)"
NM_000314.8(PTEN):c.91A>G (p.Asn31Asp)	PTEN hamartoma tumor syndrome	"Uncertain significance(Last reviewed: Oct 24, 2019)"
NM_000314.7(PTEN):c.93C>A (p.Asn31Lys)	PTEN hamartoma tumor syndrome	"Uncertain significance(Last reviewed: Jul 3, 2017)"
NM_000314.7(PTEN):c.95T>C (p.Ile32Thr)	not specified	"Uncertain significance(Last reviewed: Nov 9, 2016)"
NM_000314.7(PTEN):c.98T>C (p.Ile33Thr)	PTEN hamartoma tumor syndrome|Hereditary cancer-predisposing syndrome	"Uncertain significance(Last reviewed: Nov 6, 2019)"
NM_000314.8(PTEN):c.100G>C (p.Ala34Pro)	Hereditary cancer-predisposing syndrome	"Uncertain significance(Last reviewed: Apr 24, 2018)"
NM_000314.7(PTEN):c.101C>T (p.Ala34Val)	not specified	Uncertain significance
NM_000314.8(PTEN):c.103A>C (p.Met35Leu)	Cowden syndrome 1	"Likely pathogenic(Last reviewed: May 19, 2020)"
NM_000314.7(PTEN):c.103A>G (p.Met35Val)	Hereditary cancer-predisposing syndrome|Inborn genetic diseases|Macrocephalus|Broad thumb|Broad hallux|Arnold-Chiari malformation|Sacral lipoma|Dolichocephaly|Iris coloboma|PTEN hamartoma tumor syndrome|not provided	"Likely pathogenic(Last reviewed: Mar 23, 2020)"
NM_000314.7(PTEN):c.104T>C (p.Met35Thr)	Hereditary cancer-predisposing syndrome	"Likely pathogenic(Last reviewed: Dec 12, 2014)"
NM_000314.7(PTEN):c.105G>A (p.Met35Ile)	PTEN hamartoma tumor syndrome	"Uncertain significance(Last reviewed: Jan 9, 2019)"
NM_000314.7(PTEN):c.106G>C (p.Gly36Arg)	Macrocephalus	"Pathogenic(Last reviewed: Jun 6, 2019)"
NM_000314.7(PTEN):c.107G>A (p.Gly36Glu)	Hereditary cancer-predisposing syndrome|not specified	"Conflicting interpretations of pathogenicity(Last reviewed: Jul 16, 2020)"
NM_000314.7(PTEN):c.112C>A (p.Pro38Thr)	Hereditary cancer-predisposing syndrome	"Uncertain significance(Last reviewed: Jan 6, 2015)"
NM_000314.8(PTEN):c.112C>T (p.Pro38Ser)	Hereditary cancer-predisposing syndrome|PTEN hamartoma tumor syndrome|not provided	"Uncertain significance(Last reviewed: Nov 22, 2019)"
NM_000314.8(PTEN):c.113C>T (p.Pro38Leu)	Hereditary cancer-predisposing syndrome	"Uncertain significance(Last reviewed: Feb 22, 2018)"
NM_000314.7(PTEN):c.113C>G (p.Pro38Arg)	not provided	"Likely pathogenic(Last reviewed: Mar 21, 2017)"
NM_000314.7(PTEN):c.118G>T (p.Glu40Ter)	Cowden syndrome	"Pathogenic(Last reviewed: Nov 20, 2015)"
NM_000314.7(PTEN):c.123A>T (p.Arg41Ser)	Hereditary cancer-predisposing syndrome	"Uncertain significance(Last reviewed: Sep 29, 2016)"
NM_000314.8(PTEN):c.125T>C (p.Leu42Pro)	PTEN hamartoma tumor syndrome	"Uncertain significance(Last reviewed: Jan 24, 2019)"
NM_000314.7(PTEN):c.127G>T (p.Glu43Ter)	Hereditary cancer-predisposing syndrome|PTEN hamartoma tumor syndrome	"Pathogenic(Last reviewed: Jan 8, 2018)"
NM_000314.7(PTEN):c.127G>A (p.Glu43Lys)	Hereditary cancer-predisposing syndrome	"Uncertain significance(Last reviewed: Jan 17, 2017)"
NM_000314.7(PTEN):c.130G>A (p.Gly44Ser)	Hereditary cancer-predisposing syndrome	"Uncertain significance(Last reviewed: Nov 22, 2017)"
NM_000314.7(PTEN):c.131G>A (p.Gly44Asp)	PTEN hamartoma tumor syndrome|not provided	"Pathogenic(Last reviewed: Jun 1, 2019)"
NM_000314.7(PTEN):c.136T>G (p.Tyr46Asp)	not provided	"Uncertain significance(Last reviewed: Mar 5, 2015)"
NM_000314.7(PTEN):c.138C>A (p.Tyr46Ter)	Hereditary cancer-predisposing syndrome	"Pathogenic(Last reviewed: Apr 20, 2015)"
NM_000314.7(PTEN):c.139A>G (p.Arg47Gly)	PTEN hamartoma tumor syndrome|Hereditary cancer-predisposing syndrome	"Pathogenic/Likely pathogenic(Last reviewed: Sep 30, 2019)"
NM_000314.7(PTEN):c.140G>A (p.Arg47Lys)	not provided	"Likely pathogenic(Last reviewed: Nov 15, 2016)"
NM_000314.8(PTEN):c.142A>G (p.Asn48Asp)	Hereditary cancer-predisposing syndrome	"Uncertain significance(Last reviewed: Jan 16, 2019)"
NM_000314.7(PTEN):c.144C>A (p.Asn48Lys)	Hereditary cancer-predisposing syndrome|PTEN hamartoma tumor syndrome	"Pathogenic/Likely pathogenic(Last reviewed: Jan 15, 2020)"
NM_000314.7(PTEN):c.144C>G (p.Asn48Lys)	Hereditary cancer-predisposing syndrome	"Likely pathogenic(Last reviewed: Aug 29, 2014)"
NM_000314.7(PTEN):c.146A>G (p.Asn49Ser)	PTEN hamartoma tumor syndrome|Hereditary cancer-predisposing syndrome	"Uncertain significance(Last reviewed: Aug 18, 2019)"
NM_000314.7(PTEN):c.149T>C (p.Ile50Thr)	not specified|PTEN hamartoma tumor syndrome	"Uncertain significance(Last reviewed: Dec 16, 2019)"
NM_000314.7(PTEN):c.150T>G (p.Ile50Met)	PTEN hamartoma tumor syndrome	"Uncertain significance(Last reviewed: Apr 24, 2018)"
NM_000314.7(PTEN):c.154G>A (p.Asp52Asn)	PTEN hamartoma tumor syndrome	"Uncertain significance(Last reviewed: Apr 3, 2018)"
NM_000314.8(PTEN):c.158T>C (p.Val53Ala)	not provided	"Likely pathogenic(Last reviewed: Mar 1, 2020)"
NM_000314.7(PTEN):c.158T>A (p.Val53Glu)	Hereditary cancer-predisposing syndrome	"Uncertain significance(Last reviewed: Jun 4, 2019)"
NM_000314.7(PTEN):c.160G>A (p.Val54Ile)	Hereditary cancer-predisposing syndrome|PTEN hamartoma tumor syndrome|not provided	"Uncertain significance(Last reviewed: Oct 4, 2019)"
NM_000314.8(PTEN):c.166T>G (p.Phe56Val)	Hereditary cancer-predisposing syndrome	"Uncertain significance(Last reviewed: Nov 16, 2018)"
NM_000314.8(PTEN):c.166T>A (p.Phe56Ile)	Macrocephalus|EEG abnormality|Frontotemporal cerebral atrophy|Seizures|not specified	"Uncertain significance(Last reviewed: Apr 2, 2019)"
NM_000314.7(PTEN):c.170T>A (p.Leu57Ter)	PTEN hamartoma tumor syndrome	"Pathogenic(Last reviewed: Jul 25, 2018)"
NM_000314.7(PTEN):c.170T>G (p.Leu57Trp)	Hereditary cancer-predisposing syndrome|not provided|PTEN hamartoma tumor syndrome	"Likely pathogenic(Last reviewed: Apr 6, 2018)"
NM_000314.7(PTEN):c.172G>T (p.Asp58Tyr)	PTEN hamartoma tumor syndrome	"Uncertain significance(Last reviewed: Jun 24, 2018)"
NM_000314.7(PTEN):c.172G>A (p.Asp58Asn)	Hereditary cancer-predisposing syndrome|PTEN hamartoma tumor syndrome	"Uncertain significance(Last reviewed: Oct 28, 2019)"
NM_000314.7(PTEN):c.173A>G (p.Asp58Gly)	not provided	"Uncertain significance(Last reviewed: May 19, 2017)"
NM_000314.7(PTEN):c.175T>C (p.Ser59Pro)	PTEN hamartoma tumor syndrome	"Uncertain significance(Last reviewed: Dec 22, 2016)"
NM_000314.8(PTEN):c.176C>A (p.Ser59Ter)	PTEN hamartoma tumor syndrome	"Pathogenic(Last reviewed: Dec 24, 2019)"
NM_000314.7(PTEN):c.176C>G (p.Ser59Ter)	PTEN hamartoma tumor syndrome	"Pathogenic(Last reviewed: May 7, 2016)"
NM_000314.7(PTEN):c.182A>G (p.His61Arg)	Ovarian Neoplasms|PTEN hamartoma tumor syndrome|Hereditary cancer-predisposing syndrome	"Pathogenic/Likely pathogenic(Last reviewed: Oct 10, 2019)"
NM_000314.7(PTEN):c.184A>G (p.Lys62Glu)	Hereditary cancer-predisposing syndrome|PTEN hamartoma tumor syndrome	"Uncertain significance(Last reviewed: Dec 30, 2018)"
NM_000314.7(PTEN):c.186A>C (p.Lys62Asn)	PTEN hamartoma tumor syndrome	"Uncertain significance(Last reviewed: May 25, 2018)"
NM_000314.7(PTEN):c.190C>T (p.His64Tyr)	not provided|Hereditary cancer-predisposing syndrome	"Uncertain significance(Last reviewed: Dec 24, 2015)"
NM_000314.8(PTEN):c.191A>G (p.His64Arg)	Hereditary cancer-predisposing syndrome	"Uncertain significance(Last reviewed: Jul 27, 2018)"
NM_000314.7(PTEN):c.193T>A (p.Tyr65Asn)	not specified	"Uncertain significance(Last reviewed: Mar 18, 2014)"
NM_000314.8(PTEN):c.194A>G (p.Tyr65Cys)	PTEN hamartoma tumor syndrome	"Uncertain significance(Last reviewed: Oct 28, 2019)"
NM_000314.7(PTEN):c.195C>A (p.Tyr65Ter)	Hereditary cancer-predisposing syndrome	"Pathogenic(Last reviewed: Jun 22, 2012)"
NM_000314.7(PTEN):c.195C>G (p.Tyr65Ter)	PTEN hamartoma tumor syndrome	"Pathogenic(Last reviewed: Mar 5, 2019)"
NM_000314.7(PTEN):c.196A>T (p.Lys66Ter)	Hereditary cancer	"Pathogenic(Last reviewed: Jun 7, 2017)"
NM_000314.7(PTEN):c.197A>T (p.Lys66Met)	not specified	"Uncertain significance(Last reviewed: Mar 18, 2014)"
NM_000314.8(PTEN):c.200T>A (p.Ile67Lys)	PTEN hamartoma tumor syndrome	"Uncertain significance(Last reviewed: Dec 4, 2019)"
NM_000314.7(PTEN):c.202T>G (p.Tyr68Asp)	PTEN hamartoma tumor syndrome	"Likely pathogenic(Last reviewed: Nov 27, 2017)"
NM_000314.7(PTEN):c.202T>C (p.Tyr68His)	Cowden syndrome 1|Hereditary cancer-predisposing syndrome|PTEN hamartoma tumor syndrome|not provided	"Pathogenic/Likely pathogenic(Last reviewed: Nov 1, 2019)"
NM_000314.7(PTEN):c.203A>C (p.Tyr68Ser)	Hereditary cancer-predisposing syndrome|Cowden syndrome 1	"Likely pathogenic(Last reviewed: Dec 22, 2016)"
NM_000314.7(PTEN):c.203A>G (p.Tyr68Cys)	Global developmental delay|Autistic disorder of childhood onset|Cognitive impairment|Infantile spasms|Developmental regression|Cortical visual impairment|Seizures|Microcephaly|Hereditary cancer-predisposing syndrome|PTEN hamartoma tumor syndrome	"Pathogenic(Last reviewed: May 6, 2019)"
NM_000314.7(PTEN):c.204C>G (p.Tyr68Ter)	PTEN hamartoma tumor syndrome|Hereditary cancer-predisposing syndrome	"Pathogenic(Last reviewed: Feb 13, 2018)"
NM_000314.8(PTEN):c.205A>C (p.Asn69His)	Hereditary cancer-predisposing syndrome	"Uncertain significance(Last reviewed: Mar 13, 2019)"
NM_000314.7(PTEN):c.206A>G (p.Asn69Ser)	not provided|PTEN hamartoma tumor syndrome|Hereditary cancer-predisposing syndrome	"Uncertain significance(Last reviewed: Jan 10, 2019)"
NM_000314.8(PTEN):c.207T>G (p.Asn69Lys)	Hereditary cancer-predisposing syndrome	"Uncertain significance(Last reviewed: Jan 15, 2019)"
NM_000314.8(PTEN):c.212G>A (p.Cys71Tyr)	PTEN hamartoma tumor syndrome	"Uncertain significance(Last reviewed: Oct 3, 2019)"
NM_000314.7(PTEN):c.212G>T (p.Cys71Phe)	PTEN hamartoma tumor syndrome|Hereditary cancer-predisposing syndrome	"Uncertain significance(Last reviewed: Jun 21, 2019)"
NM_000314.8(PTEN):c.213T>G (p.Cys71Trp)	Hereditary cancer-predisposing syndrome	"Uncertain significance(Last reviewed: Sep 27, 2019)"
NM_000314.7(PTEN):c.220A>T (p.Arg74Ter)	Hereditary cancer-predisposing syndrome	"Pathogenic(Last reviewed: Oct 21, 2016)"
NM_000314.8(PTEN):c.228dup (p.Asp77Ter)	PTEN hamartoma tumor syndrome	"Pathogenic(Last reviewed: Aug 15, 2018)"
NM_000314.7(PTEN):c.228T>G (p.Tyr76Ter)	not provided	"Pathogenic(Last reviewed: Apr 9, 2018)"
NM_000314.7(PTEN):c.229G>C (p.Asp77His)	Hereditary cancer-predisposing syndrome	"Uncertain significance(Last reviewed: Oct 4, 2016)"
NM_000314.7(PTEN):c.231C>A (p.Asp77Glu)	Hereditary cancer-predisposing syndrome	"Uncertain significance(Last reviewed: May 18, 2017)"
NM_000314.8(PTEN):c.233C>T (p.Thr78Ile)	Hereditary cancer-predisposing syndrome	"Uncertain significance(Last reviewed: Sep 13, 2019)"
NM_000314.7(PTEN):c.235G>T (p.Ala79Ser)	Cowden syndrome 1|PTEN hamartoma tumor syndrome|Hereditary cancer-predisposing syndrome	"Uncertain significance(Last reviewed: Nov 29, 2019)"
NM_000314.8(PTEN):c.235G>A (p.Ala79Thr)	"Intellectual disability|Cowden syndrome 1|Macrocephaly/autism syndrome|Hereditary cancer-predisposing syndrome|Cutaneous malignant melanoma 1|Endometrial carcinoma|Macrocephaly/autism syndrome|Malignant tumor of prostate|Bannayan-Riley-Ruvalcaba syndrome|Cowden syndrome 1|Squamous cell carcinoma of the head and neck|VACTERL association with hydrocephalus|Meningioma, familial|Follicular thyroid carcinoma|Glioma susceptibility 2|not provided|PTEN hamartoma tumor syndrome"	"Likely benign(Last reviewed: Apr 6, 2018)"
NM_000314.8(PTEN):c.239A>C (p.Lys80Thr)	PTEN hamartoma tumor syndrome	"Uncertain significance(Last reviewed: Nov 5, 2019)"
NM_000314.7(PTEN):c.242T>A (p.Phe81Tyr)	Hereditary cancer-predisposing syndrome	"Uncertain significance(Last reviewed: Apr 5, 2019)"
NM_000314.7(PTEN):c.242T>G (p.Phe81Cys)	not provided	"Likely pathogenic(Last reviewed: Jul 20, 2018)"
NM_000314.7(PTEN):c.244A>G (p.Asn82Asp)	not provided	"Uncertain significance(Last reviewed: Feb 16, 2015)"
NM_000314.8(PTEN):c.249C>A (p.Cys83Ter)	PTEN hamartoma tumor syndrome|Breast neoplasm	"Pathogenic(Last reviewed: Jul 22, 2019)"
NM_000314.8(PTEN):c.250A>G (p.Arg84Gly)	Hereditary cancer-predisposing syndrome	"Uncertain significance(Last reviewed: Nov 6, 2018)"
NM_000314.7(PTEN):c.254T>G (p.Val85Gly)	Hereditary cancer-predisposing syndrome	"Uncertain significance(Last reviewed: Nov 29, 2013)"
NM_000314.8(PTEN):c.256G>A (p.Ala86Thr)	PTEN hamartoma tumor syndrome	"Uncertain significance(Last reviewed: Jul 2, 2018)"
NM_000314.7(PTEN):c.259C>T (p.Gln87Ter)	Hereditary cancer-predisposing syndrome|PTEN hamartoma tumor syndrome	"Pathogenic(Last reviewed: May 15, 2019)"
NM_000314.7(PTEN):c.264T>A (p.Tyr88Ter)	not provided	"Pathogenic(Last reviewed: Jun 23, 2017)"
NM_000314.7(PTEN):c.265C>T (p.Pro89Ser)	Cowden syndrome 1|not provided	"Uncertain significance(Last reviewed: Apr 16, 2015)"
NM_000314.7(PTEN):c.266C>T (p.Pro89Leu)	Hereditary cancer-predisposing syndrome	"Uncertain significance(Last reviewed: Jan 6, 2017)"
NM_000314.8(PTEN):c.269T>C (p.Phe90Ser)	Cowden syndrome 1|Intellectual disability	"Likely pathogenic(Last reviewed: Aug 3, 2020)"
NM_000314.7(PTEN):c.271G>A (p.Glu91Lys)	Hereditary cancer-predisposing syndrome	"Uncertain significance(Last reviewed: Jan 24, 2019)"
NM_000314.8(PTEN):c.273A>C (p.Glu91Asp)	Hereditary cancer-predisposing syndrome	"Uncertain significance(Last reviewed: Mar 8, 2018)"
NM_000314.7(PTEN):c.274G>T (p.Asp92Tyr)	PTEN hamartoma tumor syndrome	"Uncertain significance(Last reviewed: Apr 4, 2018)"
NM_000314.7(PTEN):c.275A>G (p.Asp92Gly)	PTEN hamartoma tumor syndrome	"Likely pathogenic(Last reviewed: Aug 26, 2018)"
NM_000314.7(PTEN):c.275A>C (p.Asp92Ala)	Hereditary cancer-predisposing syndrome	"Likely pathogenic(Last reviewed: May 15, 2017)"
NM_000314.7(PTEN):c.277C>T (p.His93Tyr)	PTEN hamartoma tumor syndrome	"Likely pathogenic(Last reviewed: Sep 22, 2018)"
NM_000314.7(PTEN):c.277C>A (p.His93Asn)	Loss of consciousness|Macrocephalus|Large for gestational age	"Likely pathogenic(Last reviewed: Jan 1, 2017)"
NM_000314.7(PTEN):c.277C>G (p.His93Asp)	PTEN hamartoma tumor syndrome	"Uncertain significance(Last reviewed: Jun 20, 2019)"
NM_000314.7(PTEN):c.278A>C (p.His93Pro)	Hereditary cancer-predisposing syndrome|PTEN hamartoma tumor syndrome	"Uncertain significance(Last reviewed: Nov 5, 2019)"
NM_000314.7(PTEN):c.278A>G (p.His93Arg)	Macrocephaly/autism syndrome|PTEN hamartoma tumor syndrome	"Pathogenic(Last reviewed: Nov 28, 2018)"
NM_000314.7(PTEN):c.283C>A (p.Pro95Thr)	Hereditary cancer-predisposing syndrome	"Likely pathogenic(Last reviewed: Feb 4, 2019)"
NM_000314.7(PTEN):c.284C>T (p.Pro95Leu)	Hereditary cancer-predisposing syndrome|PTEN hamartoma tumor syndrome	"Pathogenic(Last reviewed: Jun 25, 2019)"
NM_000314.7(PTEN):c.286C>G (p.Pro96Ala)	not provided	"Pathogenic(Last reviewed: May 26, 2016)"
NM_000314.7(PTEN):c.286C>T (p.Pro96Ser)	not provided	"Pathogenic(Last reviewed: Oct 19, 2017)"
NM_000314.7(PTEN):c.287C>G (p.Pro96Arg)	not specified	Uncertain significance
NM_000314.7(PTEN):c.287C>T (p.Pro96Leu)	not provided|PTEN hamartoma tumor syndrome	"Likely pathogenic(Last reviewed: Mar 23, 2020)"
NM_000314.7(PTEN):c.289C>G (p.Gln97Glu)	PTEN hamartoma tumor syndrome	"Uncertain significance(Last reviewed: Sep 5, 2017)"
NM_000314.7(PTEN):c.289C>T (p.Gln97Ter)	not provided|PTEN hamartoma tumor syndrome	"Pathogenic(Last reviewed: Aug 23, 2019)"
NM_000314.8(PTEN):c.292C>G (p.Leu98Val)	Hereditary cancer-predisposing syndrome	"Uncertain significance(Last reviewed: Jun 25, 2018)"
NM_000314.7(PTEN):c.293T>G (p.Leu98Arg)	PTEN hamartoma tumor syndrome	"Uncertain significance(Last reviewed: Apr 15, 2016)"
NM_000314.8(PTEN):c.298C>G (p.Leu100Val)	Hereditary cancer-predisposing syndrome	"Uncertain significance(Last reviewed: Aug 14, 2018)"
NM_000314.7(PTEN):c.299T>C (p.Leu100Pro)	PTEN hamartoma tumor syndrome	"Uncertain significance(Last reviewed: Dec 21, 2018)"
NM_000314.8(PTEN):c.302T>C (p.Ile101Thr)	PTEN hamartoma tumor syndrome|Hereditary cancer-predisposing syndrome	"Pathogenic/Likely pathogenic(Last reviewed: Dec 16, 2019)"
NM_000314.7(PTEN):c.302T>A (p.Ile101Asn)	PTEN hamartoma tumor syndrome	"Uncertain significance(Last reviewed: Oct 5, 2018)"
NM_000314.7(PTEN):c.304A>C (p.Lys102Gln)	Hereditary cancer-predisposing syndrome|not provided|PTEN hamartoma tumor syndrome	"Uncertain significance(Last reviewed: Jul 25, 2018)"
NM_000314.7(PTEN):c.308C>G (p.Pro103Arg)	PTEN hamartoma tumor syndrome	"Uncertain significance(Last reviewed: Oct 13, 2016)"
NM_000314.7(PTEN):c.311T>A (p.Phe104Tyr)	Hereditary cancer-predisposing syndrome	"Uncertain significance(Last reviewed: Apr 14, 2017)"
NM_000314.7(PTEN):c.314G>A (p.Cys105Tyr)	not provided|PTEN hamartoma tumor syndrome|Hereditary cancer-predisposing syndrome	"Likely pathogenic(Last reviewed: Nov 28, 2018)"
NM_000314.7(PTEN):c.316G>T (p.Glu106Ter)	PTEN hamartoma tumor syndrome	"Pathogenic(Last reviewed: Mar 1, 2017)"
NM_000314.7(PTEN):c.319G>T (p.Asp107Tyr)	PTEN hamartoma tumor syndrome|Hereditary cancer-predisposing syndrome	"Conflicting interpretations of pathogenicity(Last reviewed: Jan 15, 2019)"
NM_000314.7(PTEN):c.320A>T (p.Asp107Val)	PTEN hamartoma tumor syndrome|not provided	"Pathogenic(Last reviewed: Jun 25, 2019)"
NM_000314.7(PTEN):c.323T>C (p.Leu108Pro)	not provided|Hereditary cancer-predisposing syndrome|PTEN hamartoma tumor syndrome	"Pathogenic/Likely pathogenic(Last reviewed: Dec 18, 2018)"
NM_000314.7(PTEN):c.328C>G (p.Gln110Glu)	Hereditary cancer-predisposing syndrome|PTEN hamartoma tumor syndrome	"Uncertain significance(Last reviewed: Aug 29, 2019)"
NM_000314.7(PTEN):c.328C>T (p.Gln110Ter)	PTEN hamartoma tumor syndrome|Hereditary cancer-predisposing syndrome	"Pathogenic(Last reviewed: Feb 23, 2017)"
NM_000314.7(PTEN):c.329A>G (p.Gln110Arg)	PTEN hamartoma tumor syndrome|Hereditary cancer-predisposing syndrome	"Uncertain significance(Last reviewed: Nov 6, 2019)"
NM_000314.8(PTEN):c.331T>G (p.Trp111Gly)	PTEN hamartoma tumor syndrome	"Uncertain significance(Last reviewed: Jun 13, 2019)"
NM_000314.7(PTEN):c.331T>C (p.Trp111Arg)	PTEN hamartoma tumor syndrome|not provided	"Likely pathogenic(Last reviewed: Nov 28, 2018)"
NM_000314.7(PTEN):c.333G>C (p.Trp111Cys)	PTEN hamartoma tumor syndrome	"Uncertain significance(Last reviewed: May 29, 2018)"
NM_000314.7(PTEN):c.333G>A (p.Trp111Ter)	Hereditary cancer-predisposing syndrome	"Pathogenic(Last reviewed: Jun 1, 2016)"
NM_000314.7(PTEN):c.335T>C (p.Leu112Pro)	Lhermitte-Duclos disease|not provided	"Pathogenic(Last reviewed: Jun 28, 2017)"
NM_000314.7(PTEN):c.337A>C (p.Ser113Arg)	Hereditary cancer-predisposing syndrome	"Uncertain significance(Last reviewed: Apr 5, 2019)"
NM_000314.7(PTEN):c.338G>T (p.Ser113Ile)	PTEN hamartoma tumor syndrome	"Uncertain significance(Last reviewed: Mar 5, 2019)"
NM_000314.7(PTEN):c.344A>G (p.Asp115Gly)	Cowden syndrome|PTEN hamartoma tumor syndrome	"Conflicting interpretations of pathogenicity(Last reviewed: Aug 19, 2019)"
NM_000314.7(PTEN):c.347A>G (p.Asp116Gly)	Hereditary cancer-predisposing syndrome	"Uncertain significance(Last reviewed: Dec 20, 2018)"
NM_000314.8(PTEN):c.348C>A (p.Asp116Glu)	PTEN hamartoma tumor syndrome	"Uncertain significance(Last reviewed: Dec 12, 2019)"
NM_000314.7(PTEN):c.349A>C (p.Asn117His)	Hereditary cancer-predisposing syndrome|PTEN hamartoma tumor syndrome|not provided	"Uncertain significance(Last reviewed: Apr 5, 2019)"
NM_000314.7(PTEN):c.350A>G (p.Asn117Ser)	Hereditary cancer-predisposing syndrome|not provided|PTEN hamartoma tumor syndrome	"Uncertain significance(Last reviewed: Aug 16, 2019)"
NM_000314.7(PTEN):c.352C>T (p.His118Tyr)	PTEN hamartoma tumor syndrome	"Uncertain significance(Last reviewed: May 21, 2018)"
NM_000314.7(PTEN):c.353A>G (p.His118Arg)	PTEN hamartoma tumor syndrome|Hereditary cancer-predisposing syndrome	"Uncertain significance(Last reviewed: Sep 22, 2019)"
NM_000314.7(PTEN):c.355G>C (p.Val119Leu)	Hereditary cancer-predisposing syndrome	"Likely pathogenic(Last reviewed: Nov 20, 2014)"
NM_000314.7(PTEN):c.355G>T (p.Val119Phe)	PTEN hamartoma tumor syndrome|Hereditary cancer-predisposing syndrome	"Conflicting interpretations of pathogenicity(Last reviewed: May 9, 2019)"
NM_000314.7(PTEN):c.356T>G (p.Val119Gly)	Hereditary cancer-predisposing syndrome	"Uncertain significance(Last reviewed: Dec 28, 2016)"
NM_000314.7(PTEN):c.358G>A (p.Ala120Thr)	not provided	"Uncertain significance(Last reviewed: Jun 10, 2014)"
NM_000314.7(PTEN):c.359C>T (p.Ala120Val)	PTEN hamartoma tumor syndrome|Hereditary cancer-predisposing syndrome	"Uncertain significance(Last reviewed: Dec 5, 2018)"
NM_000314.7(PTEN):c.359C>A (p.Ala120Glu)	Hereditary cancer-predisposing syndrome	"Likely pathogenic(Last reviewed: Nov 18, 2014)"
NM_000314.7(PTEN):c.364A>G (p.Ile122Val)	Hereditary cancer-predisposing syndrome|PTEN hamartoma tumor syndrome|not provided	"Uncertain significance(Last reviewed: Jul 25, 2018)"
NM_000314.8(PTEN):c.365T>G (p.Ile122Ser)	Hereditary cancer-predisposing syndrome|PTEN hamartoma tumor syndrome	"Uncertain significance(Last reviewed: Jun 4, 2019)"
NM_000314.7(PTEN):c.367C>G (p.His123Asp)	Hereditary cancer-predisposing syndrome|PTEN hamartoma tumor syndrome	"Pathogenic(Last reviewed: Nov 22, 2019)"
NM_000314.7(PTEN):c.367C>T (p.His123Tyr)	not provided|PTEN hamartoma tumor syndrome	"Pathogenic/Likely pathogenic(Last reviewed: Jul 19, 2018)"
NM_000314.7(PTEN):c.368A>G (p.His123Arg)	PTEN hamartoma tumor syndrome|Cowden syndrome 1|not provided	"Likely pathogenic(Last reviewed: Apr 6, 2018)"
NM_000314.7(PTEN):c.369C>G (p.His123Gln)	PTEN hamartoma tumor syndrome	"Pathogenic(Last reviewed: Mar 1, 2017)"
NM_000314.8(PTEN):c.370T>A (p.Cys124Ser)	Hereditary cancer-predisposing syndrome|Cowden syndrome 1	"Likely pathogenic(Last reviewed: Feb 10, 2020)"
NM_000314.7(PTEN):c.370T>G (p.Cys124Gly)	Hereditary cancer-predisposing syndrome	"Likely pathogenic(Last reviewed: Jul 23, 2014)"
NM_000314.7(PTEN):c.370T>C (p.Cys124Arg)	Cowden syndrome 1|Hereditary cancer-predisposing syndrome|PTEN hamartoma tumor syndrome|not provided	"Pathogenic(Last reviewed: Jun 25, 2019)"
NM_000314.7(PTEN):c.371G>A (p.Cys124Tyr)	PTEN hamartoma tumor syndrome|Hereditary cancer-predisposing syndrome	"Likely pathogenic(Last reviewed: Oct 5, 2016)"
NM_000314.7(PTEN):c.376G>T (p.Ala126Ser)	Hereditary cancer-predisposing syndrome	"Uncertain significance(Last reviewed: Jun 21, 2017)"
NM_000314.7(PTEN):c.376G>A (p.Ala126Thr)	PTEN hamartoma tumor syndrome|not provided	"Conflicting interpretations of pathogenicity(Last reviewed: Dec 1, 2019)"
NM_000314.7(PTEN):c.377C>T (p.Ala126Val)	Hereditary cancer-predisposing syndrome|PTEN hamartoma tumor syndrome	"Conflicting interpretations of pathogenicity(Last reviewed: Jun 9, 2019)"
NM_000314.7(PTEN):c.379G>A (p.Gly127Arg)	PTEN hamartoma tumor syndrome|Hereditary cancer-predisposing syndrome|not provided	"Likely pathogenic(Last reviewed: Sep 13, 2018)"
NM_000314.7(PTEN):c.380G>A (p.Gly127Glu)	Hereditary cancer-predisposing syndrome	"Likely pathogenic(Last reviewed: Oct 22, 2015)"
NM_000314.7(PTEN):c.380G>T (p.Gly127Val)	PTEN hamartoma tumor syndrome	"Uncertain significance(Last reviewed: Nov 21, 2019)"
NM_000314.8(PTEN):c.382A>G (p.Lys128Glu)	PTEN hamartoma tumor syndrome	"Uncertain significance(Last reviewed: Oct 21, 2019)"
NM_000314.8(PTEN):c.383A>G (p.Lys128Arg)	PTEN hamartoma tumor syndrome	"Uncertain significance(Last reviewed: Dec 18, 2019)"
NM_000314.7(PTEN):c.384G>C (p.Lys128Asn)	PTEN hamartoma tumor syndrome|Hereditary cancer-predisposing syndrome	"Likely pathogenic(Last reviewed: Aug 14, 2017)"
NM_000314.7(PTEN):c.385G>C (p.Gly129Arg)	Cowden syndrome 1|PTEN hamartoma tumor syndrome	"Pathogenic(Last reviewed: May 23, 2019)"
NM_000314.7(PTEN):c.385G>A (p.Gly129Arg)	Inborn genetic diseases|Hereditary cancer-predisposing syndrome|not provided|PTEN hamartoma tumor syndrome	"Pathogenic/Likely pathogenic(Last reviewed: May 28, 2019)"
NM_000314.8(PTEN):c.386G>T (p.Gly129Val)	PTEN hamartoma tumor syndrome	"Uncertain significance(Last reviewed: Jan 6, 2020)"
NM_000314.7(PTEN):c.386G>A (p.Gly129Glu)	Hereditary cancer-predisposing syndrome|not provided|Cowden syndrome 1|PTEN hamartoma tumor syndrome	"Pathogenic(Last reviewed: May 11, 2018)"
NM_000314.7(PTEN):c.388C>T (p.Arg130Ter)	Neoplasm of brain|not specified|Inborn genetic diseases|Macrocephaly/autism syndrome|Cowden syndrome 1|PTEN hamartoma tumor syndrome|Hereditary cancer-predisposing syndrome|Ovarian Neoplasms|not provided|Rhabdomyosarcoma (disease)	"Pathogenic(Last reviewed: Jan 15, 2020)"
NM_000314.7(PTEN):c.389G>T (p.Arg130Leu)	"Uterine cervical neoplasms|Adenocarcinoma of prostate|Squamous cell carcinoma of the head and neck|Breast neoplasm|Renal cell carcinoma, papillary, 1|Malignant neoplasm of body of uterus|Neoplasm of the large intestine|Malignant melanoma of skin|Squamous cell lung carcinoma|Adenocarcinoma of stomach|not provided|Hereditary cancer-predisposing syndrome|Small cell lung cancer|Uterine Carcinosarcoma|Glioblastoma"	"Pathogenic/Likely pathogenic(Last reviewed: Jan 1, 2020)"
NM_000314.7(PTEN):c.389G>C (p.Arg130Pro)	"Squamous cell carcinoma of the head and neck|Renal cell carcinoma, papillary, 1|Small cell lung cancer|Squamous cell lung carcinoma|Neoplasm of the large intestine|Glioblastoma|Malignant melanoma of skin|PTEN hamartoma tumor syndrome|Hereditary cancer-predisposing syndrome|Breast neoplasm|Uterine Carcinosarcoma|Uterine cervical neoplasms|Adenocarcinoma of prostate|Malignant neoplasm of body of uterus|Adenocarcinoma of stomach"	"Pathogenic(Last reviewed: Nov 22, 2019)"
NM_000314.7(PTEN):c.389G>A (p.Arg130Gln)	"Renal cell carcinoma, papillary, 1|Breast neoplasm|Hereditary cancer-predisposing syndrome|Squamous cell carcinoma of the head and neck|Uterine cervical neoplasms|Adenocarcinoma of prostate|Malignant neoplasm of body of uterus|Adenocarcinoma of stomach|Neoplasm|Cowden syndrome 1|PTEN hamartoma tumor syndrome|Small cell lung cancer|Squamous cell lung carcinoma|Uterine Carcinosarcoma|Ovarian Neoplasms|Neoplasm of the large intestine|Glioblastoma|not provided|Malignant melanoma of skin"	"Pathogenic(Last reviewed: Oct 18, 2017)"
NM_000314.7(PTEN):c.392C>G (p.Thr131Ser)	Hereditary cancer-predisposing syndrome	"Uncertain significance(Last reviewed: Feb 5, 2016)"
NM_000314.8(PTEN):c.394G>A (p.Gly132Ser)	PTEN hamartoma tumor syndrome	"Uncertain significance(Last reviewed: Jan 29, 2019)"
NM_000314.7(PTEN):c.395G>A (p.Gly132Asp)	PTEN hamartoma tumor syndrome|Hereditary cancer-predisposing syndrome|not provided	"Likely pathogenic(Last reviewed: Apr 6, 2018)"
NM_000314.7(PTEN):c.395G>T (p.Gly132Val)	Cowden syndrome 1|PTEN hamartoma tumor syndrome|not provided|Hereditary cancer-predisposing syndrome	"Pathogenic/Likely pathogenic(Last reviewed: Jul 10, 2019)"
NM_000314.8(PTEN):c.397G>A (p.Val133Ile)	PTEN hamartoma tumor syndrome	"Uncertain significance(Last reviewed: Jan 23, 2019)"
NM_000314.7(PTEN):c.401T>G (p.Met134Arg)	not provided	"Likely pathogenic(Last reviewed: Apr 14, 2017)"
NM_000314.7(PTEN):c.401T>C (p.Met134Thr)	Hereditary cancer-predisposing syndrome|PTEN hamartoma tumor syndrome	"Pathogenic(Last reviewed: Oct 25, 2017)"
NM_000314.7(PTEN):c.402G>C (p.Met134Ile)	PTEN hamartoma tumor syndrome|not provided	"Conflicting interpretations of pathogenicity(Last reviewed: Sep 18, 2019)"
NM_000314.7(PTEN):c.402G>T (p.Met134Ile)	Hereditary cancer-predisposing syndrome|not provided	"Likely pathogenic(Last reviewed: May 18, 2018)"
NM_000314.7(PTEN):c.403A>G (p.Ile135Val)	not provided|Ovarian Neoplasms|PTEN hamartoma tumor syndrome|Hereditary cancer-predisposing syndrome	"Pathogenic/Likely pathogenic(Last reviewed: Oct 9, 2017)"
NM_000314.7(PTEN):c.404T>A (p.Ile135Lys)	"Hereditary cancer-predisposing syndrome|PTEN hamartoma tumor syndrome|Glioma susceptibility 2|Meningioma, familial|VACTERL association with hydrocephalus|Macrocephaly/autism syndrome|Cowden syndrome 1|Malignant tumor of prostate"	"Likely pathogenic(Last reviewed: Oct 31, 2018)"
NM_000314.8(PTEN):c.406T>C (p.Cys136Arg)	Cowden syndrome|PTEN hamartoma tumor syndrome|Acute megakaryoblastic leukemia|Mediastinal germ cell tumor|Hereditary cancer-predisposing syndrome|not provided|Ovarian Neoplasms	"Pathogenic(Last reviewed: Oct 16, 2019)"
NM_000314.7(PTEN):c.407G>A (p.Cys136Tyr)	Hereditary cancer-predisposing syndrome|not provided|PTEN hamartoma tumor syndrome	"Pathogenic(Last reviewed: Oct 18, 2017)"
NM_000314.7(PTEN):c.408T>G (p.Cys136Trp)	Cowden syndrome	"Likely pathogenic(Last reviewed: Nov 20, 2015)"
NM_000314.8(PTEN):c.409G>C (p.Ala137Pro)	PTEN hamartoma tumor syndrome	"Uncertain significance(Last reviewed: Apr 11, 2019)"
NM_000314.8(PTEN):c.412T>C (p.Tyr138His)	PTEN hamartoma tumor syndrome	"Uncertain significance(Last reviewed: Feb 22, 2019)"
NM_000314.7(PTEN):c.413A>G (p.Tyr138Cys)	Hereditary cancer-predisposing syndrome	"Uncertain significance(Last reviewed: May 15, 2017)"
NM_000314.7(PTEN):c.414T>G (p.Tyr138Ter)	not provided|PTEN hamartoma tumor syndrome	"Pathogenic(Last reviewed: Sep 13, 2019)"
NM_000314.7(PTEN):c.416T>G (p.Leu139Ter)	PTEN hamartoma tumor syndrome	"Pathogenic(Last reviewed: Mar 1, 2017)"
NM_000314.7(PTEN):c.421C>T (p.His141Tyr)	Hereditary cancer-predisposing syndrome|PTEN hamartoma tumor syndrome	"Uncertain significance(Last reviewed: Dec 27, 2017)"
NM_000314.7(PTEN):c.421C>G (p.His141Asp)	PTEN hamartoma tumor syndrome	"Uncertain significance(Last reviewed: Nov 4, 2016)"
NM_000314.7(PTEN):c.422A>G (p.His141Arg)	not provided|Hereditary cancer-predisposing syndrome	"Uncertain significance(Last reviewed: Feb 17, 2017)"
NM_000314.7(PTEN):c.422A>C (p.His141Pro)	Hereditary cancer-predisposing syndrome|PTEN hamartoma tumor syndrome	"Conflicting interpretations of pathogenicity(Last reviewed: Jan 3, 2019)"
NM_000314.7(PTEN):c.424C>T (p.Arg142Trp)	not provided|Hereditary cancer-predisposing syndrome|PTEN hamartoma tumor syndrome	"Uncertain significance(Last reviewed: Nov 19, 2019)"
NM_000314.7(PTEN):c.425G>C (p.Arg142Pro)	Hereditary cancer-predisposing syndrome	"Uncertain significance(Last reviewed: Mar 31, 2016)"
NM_000314.7(PTEN):c.425G>A (p.Arg142Gln)	PTEN hamartoma tumor syndrome|Hereditary cancer-predisposing syndrome|not provided	"Uncertain significance(Last reviewed: Apr 22, 2019)"
NM_000314.7(PTEN):c.428G>A (p.Gly143Asp)	PTEN hamartoma tumor syndrome|Hereditary cancer-predisposing syndrome	"Uncertain significance(Last reviewed: Apr 30, 2019)"
NM_000314.7(PTEN):c.430A>T (p.Lys144Ter)	Cowden syndrome|PTEN hamartoma tumor syndrome|not provided	"Pathogenic/Likely pathogenic(Last reviewed: Dec 5, 2019)"
NM_000314.8(PTEN):c.434T>C (p.Phe145Ser)	not provided	"Uncertain significance(Last reviewed: Feb 1, 2019)"
NM_000314.7(PTEN):c.437T>G (p.Leu146Ter)	PTEN hamartoma tumor syndrome	"Pathogenic(Last reviewed: Jul 31, 2016)"
NM_000314.7(PTEN):c.437T>A (p.Leu146Ter)	not provided	"Pathogenic(Last reviewed: Apr 21, 2014)"
NM_000314.7(PTEN):c.440A>G (p.Lys147Arg)	PTEN hamartoma tumor syndrome|Hereditary cancer-predisposing syndrome	"Uncertain significance(Last reviewed: Sep 6, 2019)"
NM_000314.7(PTEN):c.442G>A (p.Ala148Thr)	Hereditary cancer-predisposing syndrome	"Uncertain significance(Last reviewed: Aug 7, 2015)"
NM_000314.7(PTEN):c.445C>T (p.Gln149Ter)	PTEN hamartoma tumor syndrome|Hereditary cancer-predisposing syndrome	"Pathogenic(Last reviewed: Oct 1, 2018)"
NM_000314.7(PTEN):c.448G>T (p.Glu150Ter)	PTEN hamartoma tumor syndrome|Hereditary cancer-predisposing syndrome	"Pathogenic(Last reviewed: Jun 3, 2019)"
NM_000314.7(PTEN):c.449A>G (p.Glu150Gly)	PTEN hamartoma tumor syndrome	"Uncertain significance(Last reviewed: Nov 3, 2018)"
NM_000314.7(PTEN):c.455T>C (p.Leu152Pro)	PTEN hamartoma tumor syndrome	"Uncertain significance(Last reviewed: Sep 18, 2017)"
NM_000314.8(PTEN):c.457G>C (p.Asp153His)	Cowden syndrome 1	"Uncertain significance(Last reviewed: Sep 4, 2019)"
NM_000314.7(PTEN):c.457G>A (p.Asp153Asn)	PTEN hamartoma tumor syndrome	"Uncertain significance(Last reviewed: Nov 17, 2016)"
NM_000314.8(PTEN):c.462C>G (p.Phe154Leu)	PTEN hamartoma tumor syndrome	"Uncertain significance(Last reviewed: Aug 2, 2019)"
NM_000314.7(PTEN):c.463T>C (p.Tyr155His)	Hereditary cancer-predisposing syndrome	"Pathogenic(Last reviewed: Sep 19, 2013)"
NM_000314.7(PTEN):c.464A>C (p.Tyr155Ser)	Cowden syndrome 1	"Likely pathogenic(Last reviewed: Nov 1, 2016)"
NM_000314.8(PTEN):c.464A>G (p.Tyr155Cys)	Inborn genetic diseases|Hereditary cancer-predisposing syndrome|not provided|PTEN hamartoma tumor syndromes|PTEN hamartoma tumor syndrome|Cowden syndrome 1	"Pathogenic(Last reviewed: Nov 22, 2019)"
NM_000314.7(PTEN):c.465T>A (p.Tyr155Ter)	PTEN hamartoma tumor syndrome	"Pathogenic(Last reviewed: Mar 9, 2017)"
NM_000314.7(PTEN):c.466G>A (p.Gly156Arg)	PTEN hamartoma tumor syndrome	"Uncertain significance(Last reviewed: Apr 28, 2019)"
NM_000314.7(PTEN):c.469G>T (p.Glu157Ter)	Lhermitte-Duclos disease|PTEN hamartoma tumor syndrome	"Pathogenic(Last reviewed: Oct 30, 2018)"
NM_000314.7(PTEN):c.470A>G (p.Glu157Gly)	Macrocephaly/autism syndrome|PTEN hamartoma tumor syndrome	"Conflicting interpretations of pathogenicity(Last reviewed: Jul 13, 2017)"
NM_000314.7(PTEN):c.472G>A (p.Val158Ile)	Hereditary cancer-predisposing syndrome	"Uncertain significance(Last reviewed: Jan 5, 2019)"
NM_000314.7(PTEN):c.475A>G (p.Arg159Gly)	Cowden syndrome|Hereditary cancer-predisposing syndrome|not provided	"Likely pathogenic(Last reviewed: Dec 5, 2019)"
NM_000314.7(PTEN):c.476G>A (p.Arg159Lys)	PTEN hamartoma tumor syndrome	"Uncertain significance(Last reviewed: Dec 27, 2018)"
NM_000314.7(PTEN):c.476G>T (p.Arg159Met)	Hereditary cancer-predisposing syndrome	"Likely pathogenic(Last reviewed: Jul 2, 2015)"
NM_000314.7(PTEN):c.478A>C (p.Thr160Pro)	not specified|PTEN hamartoma tumor syndrome	"Uncertain significance(Last reviewed: Jan 13, 2017)"
NM_000314.7(PTEN):c.479C>T (p.Thr160Ile)	not provided	"Likely pathogenic(Last reviewed: Apr 27, 2015)"
NM_000314.7(PTEN):c.486C>G (p.Asp162Glu)	Cowden syndrome	"Likely pathogenic(Last reviewed: Nov 20, 2015)"
NM_000314.7(PTEN):c.487A>T (p.Lys163Ter)	not provided	"Likely pathogenic(Last reviewed: Dec 18, 2015)"
NM_000314.7(PTEN):c.488A>G (p.Lys163Arg)	PTEN hamartoma tumor syndrome|Hereditary cancer-predisposing syndrome	"Uncertain significance(Last reviewed: Nov 20, 2018)"
NM_000314.7(PTEN):c.493G>A (p.Gly165Arg)	Hereditary cancer-predisposing syndrome|not provided|PTEN hamartoma tumor syndrome	"Pathogenic(Last reviewed: Nov 22, 2019)"
NM_000314.7(PTEN):c.493G>T (p.Gly165Ter)	Hereditary cancer-predisposing syndrome|not provided	"Pathogenic(Last reviewed: Aug 1, 2019)"
NM_000314.8(PTEN):c.494G>A (p.Gly165Glu)	PTEN hamartoma tumor syndrome	"Uncertain significance(Last reviewed: May 14, 2019)"
NM_000314.7(PTEN):c.496G>C (p.Val166Leu)	PTEN hamartoma tumor syndrome	"Uncertain significance(Last reviewed: Aug 3, 2018)"
NM_000314.7(PTEN):c.496G>A (p.Val166Ile)	Hereditary cancer-predisposing syndrome	"Uncertain significance(Last reviewed: Nov 6, 2014)"
NM_000314.7(PTEN):c.497T>A (p.Val166Glu)	Hereditary cancer-predisposing syndrome	"Likely pathogenic(Last reviewed: Jun 28, 2017)"
NM_000314.8(PTEN):c.502A>G (p.Ile168Val)	PTEN hamartoma tumor syndrome	"Uncertain significance(Last reviewed: Oct 10, 2019)"
NM_000314.7(PTEN):c.503T>C (p.Ile168Thr)	PTEN hamartoma tumor syndrome	"Uncertain significance(Last reviewed: Sep 29, 2019)"
NM_000314.7(PTEN):c.508A>C (p.Ser170Arg)	PTEN hamartoma tumor syndrome	"Pathogenic(Last reviewed: Dec 16, 2019)"
NM_000314.7(PTEN):c.508A>G (p.Ser170Gly)	PTEN hamartoma tumor syndrome	"Uncertain significance(Last reviewed: Feb 19, 2018)"
NM_000314.8(PTEN):c.509G>A (p.Ser170Asn)	PTEN hamartoma tumor syndrome	"Uncertain significance(Last reviewed: Aug 13, 2019)"
NM_000314.7(PTEN):c.509G>T (p.Ser170Ile)	PTEN hamartoma tumor syndrome|Hereditary cancer-predisposing syndrome|Ovarian Neoplasms	"Pathogenic(Last reviewed: Aug 24, 2019)"
NM_000314.8(PTEN):c.510T>G (p.Ser170Arg)	Hereditary cancer-predisposing syndrome	"Pathogenic(Last reviewed: Oct 30, 2019)"
NM_000314.7(PTEN):c.510T>A (p.Ser170Arg)	PTEN hamartoma tumor syndrome|Cowden syndrome 1	"Likely pathogenic(Last reviewed: Apr 6, 2018)"
NM_000314.8(PTEN):c.511C>G (p.Gln171Glu)	PTEN hamartoma tumor syndrome	"Uncertain significance(Last reviewed: Mar 22, 2019)"
NM_000314.7(PTEN):c.511C>T (p.Gln171Ter)	not provided|Hereditary cancer-predisposing syndrome|PTEN hamartoma tumor syndrome	"Pathogenic(Last reviewed: Oct 18, 2017)"
NM_000314.7(PTEN):c.512A>C (p.Gln171Pro)	PTEN hamartoma tumor syndrome	"Uncertain significance(Last reviewed: Mar 28, 2018)"
NM_000314.7(PTEN):c.512A>G (p.Gln171Arg)	not specified|Inborn genetic diseases	"Likely pathogenic(Last reviewed: Jun 19, 2018)"
NM_000314.8(PTEN):c.515G>C (p.Arg172Thr)	Hereditary cancer-predisposing syndrome	"Uncertain significance(Last reviewed: Aug 31, 2018)"
NM_000314.7(PTEN):c.517C>A (p.Arg173Ser)	PTEN hamartoma tumor syndrome	"Uncertain significance(Last reviewed: Dec 14, 2016)"
NM_000314.7(PTEN):c.517C>T (p.Arg173Cys)	"Hereditary cancer-predisposing syndrome|not provided|Neoplasm of brain|not specified|VACTERL association with hydrocephalus|Meningioma, familial|Macrocephaly/autism syndrome|PTEN hamartoma tumor syndrome|Glioma susceptibility 2|Cowden syndrome 1|Malignant tumor of prostate|VACTERL association with hydrocephalus|Macrocephaly/autism syndrome|Cowden syndrome 1|PTEN hamartoma tumor syndrome"	"Pathogenic(Last reviewed: Oct 18, 2017)"
NM_000314.7(PTEN):c.518G>T (p.Arg173Leu)	Ovarian Neoplasms|Hereditary cancer-predisposing syndrome	"Likely pathogenic(Last reviewed: Mar 2, 2015)"
NM_000314.8(PTEN):c.518G>A (p.Arg173His)	PTEN hamartoma tumor syndrome|not provided|Neoplasm of brain	"Pathogenic/Likely pathogenic(Last reviewed: Feb 1, 2020)"
NM_000314.7(PTEN):c.518G>C (p.Arg173Pro)	Hereditary cancer-predisposing syndrome|PTEN hamartoma tumor syndrome	"Likely pathogenic(Last reviewed: Nov 14, 2019)"
NM_000314.7(PTEN):c.520T>A (p.Tyr174Asn)	Hereditary cancer-predisposing syndrome|PTEN hamartoma tumor syndrome	"Likely pathogenic(Last reviewed: Apr 6, 2018)"
NM_000314.7(PTEN):c.521A>G (p.Tyr174Cys)	Hereditary cancer-predisposing syndrome|not provided|PTEN hamartoma tumor syndrome|not specified	"Likely pathogenic(Last reviewed: Sep 26, 2018)"
NM_000314.8(PTEN):c.522T>G (p.Tyr174Ter)	PTEN hamartoma tumor syndrome	"Likely pathogenic(Last reviewed: Feb 5, 2018)"
NM_000314.7(PTEN):c.522T>A (p.Tyr174Ter)	Hereditary cancer-predisposing syndrome	"Pathogenic(Last reviewed: Dec 21, 2016)"
NM_000314.8(PTEN):c.523G>T (p.Val175Leu)	PTEN hamartoma tumor syndrome	"Uncertain significance(Last reviewed: Aug 26, 2019)"
NM_000314.7(PTEN):c.527A>G (p.Tyr176Cys)	PTEN hamartoma tumor syndrome|Hereditary cancer-predisposing syndrome|not provided	"Uncertain significance(Last reviewed: Mar 8, 2020)"
NM_000314.7(PTEN):c.528T>G (p.Tyr176Ter)	not provided	Likely pathogenic
NM_000314.8(PTEN):c.529T>C (p.Tyr177His)	Macrocephaly/autism syndrome	Likely pathogenic
NM_000314.8(PTEN):c.529T>A (p.Tyr177Asn)	Cowden syndrome 1	Uncertain significance
NM_000314.7(PTEN):c.530A>G (p.Tyr177Cys)	PTEN hamartoma tumor syndrome	"Uncertain significance(Last reviewed: May 3, 2018)"
NM_000314.7(PTEN):c.531T>G (p.Tyr177Ter)	Hereditary cancer-predisposing syndrome|not provided	"Pathogenic(Last reviewed: Apr 30, 2018)"
NM_000314.8(PTEN):c.532T>G (p.Tyr178Asp)	PTEN hamartoma tumor syndrome	"Uncertain significance(Last reviewed: Jun 26, 2019)"
NM_000314.7(PTEN):c.533A>G (p.Tyr178Cys)	PTEN hamartoma tumor syndrome	"Uncertain significance(Last reviewed: Apr 14, 2016)"
NM_000314.7(PTEN):c.538T>C (p.Tyr180His)	not provided|Hereditary cancer-predisposing syndrome|PTEN hamartoma tumor syndrome	"Uncertain significance(Last reviewed: Feb 8, 2019)"
NM_000314.7(PTEN):c.539A>C (p.Tyr180Ser)	Hereditary cancer-predisposing syndrome	"Uncertain significance(Last reviewed: Apr 18, 2016)"
NM_000314.7(PTEN):c.540C>G (p.Tyr180Ter)	Hereditary cancer-predisposing syndrome	"Pathogenic(Last reviewed: Sep 8, 2017)"
NM_000314.8(PTEN):c.542T>C (p.Leu181Pro)	Hereditary cancer-predisposing syndrome|PTEN hamartoma tumor syndrome	"Conflicting interpretations of pathogenicity(Last reviewed: Sep 19, 2019)"
NM_000314.7(PTEN):c.545T>G (p.Leu182Ter)	PTEN hamartoma tumor syndrome|Hereditary cancer-predisposing syndrome|not provided	"Pathogenic(Last reviewed: Feb 23, 2019)"
NM_000314.7(PTEN):c.545T>A (p.Leu182Ter)	Hereditary cancer-predisposing syndrome	"Pathogenic(Last reviewed: Jun 28, 2013)"
NM_000314.7(PTEN):c.545T>C (p.Leu182Ser)	PTEN hamartoma tumor syndrome|Cowden syndrome 1|Macrocephaly/autism syndrome	"Uncertain significance(Last reviewed: Jun 25, 2019)"
NM_000314.7(PTEN):c.549G>T (p.Lys183Asn)	Hereditary cancer-predisposing syndrome	"Uncertain significance(Last reviewed: May 6, 2015)"
NM_000314.7(PTEN):c.551A>T (p.Asn184Ile)	Hereditary cancer-predisposing syndrome	"Uncertain significance(Last reviewed: Mar 11, 2014)"
NM_000314.8(PTEN):c.556C>G (p.Leu186Val)	Hereditary cancer-predisposing syndrome	"Uncertain significance(Last reviewed: Feb 1, 2019)"
NM_000314.7(PTEN):c.560A>G (p.Asp187Gly)	PTEN hamartoma tumor syndrome|not provided|Hereditary cancer-predisposing syndrome	"Uncertain significance(Last reviewed: Aug 2, 2019)"
NM_000314.8(PTEN):c.564T>G (p.Tyr188Ter)	Hereditary cancer-predisposing syndrome	"Pathogenic(Last reviewed: Dec 18, 2017)"
NM_000314.7(PTEN):c.564T>A (p.Tyr188Ter)	"Prostate cancer, somatic|PTEN hamartoma tumor syndrome"	"Likely pathogenic(Last reviewed: Apr 6, 2018)"
NM_000314.7(PTEN):c.565A>T (p.Arg189Ter)	not provided	Pathogenic
NM_000314.8(PTEN):c.566G>C (p.Arg189Thr)	Hereditary cancer-predisposing syndrome	"Uncertain significance(Last reviewed: May 17, 2019)"
NM_000314.7(PTEN):c.569C>G (p.Pro190Arg)	PTEN hamartoma tumor syndrome	"Uncertain significance(Last reviewed: Nov 30, 2017)"
NM_000314.7(PTEN):c.569C>T (p.Pro190Leu)	PTEN hamartoma tumor syndrome	"Uncertain significance(Last reviewed: Mar 24, 2018)"
NM_000314.7(PTEN):c.571G>C (p.Val191Leu)	not provided	"Uncertain significance(Last reviewed: Jan 13, 2017)"
NM_000314.7(PTEN):c.571G>T (p.Val191Leu)	Hereditary cancer-predisposing syndrome|PTEN hamartoma tumor syndrome	"Uncertain significance(Last reviewed: Sep 25, 2019)"
NM_000314.7(PTEN):c.578T>C (p.Leu193Pro)	PTEN hamartoma tumor syndrome|not provided	"Conflicting interpretations of pathogenicity(Last reviewed: May 2, 2019)"
NM_000314.8(PTEN):c.586C>G (p.His196Asp)	Hereditary cancer-predisposing syndrome	"Uncertain significance(Last reviewed: Oct 17, 2019)"
NM_000314.7(PTEN):c.587A>G (p.His196Arg)	not provided	"Uncertain significance(Last reviewed: Feb 5, 2018)"
NM_000314.7(PTEN):c.589A>C (p.Lys197Gln)	Hereditary cancer-predisposing syndrome	"Uncertain significance(Last reviewed: Apr 5, 2019)"
NM_000314.7(PTEN):c.592A>G (p.Met198Val)	PTEN hamartoma tumor syndrome	"Uncertain significance(Last reviewed: Mar 6, 2017)"
NM_000314.7(PTEN):c.593T>A (p.Met198Lys)	PTEN hamartoma tumor syndrome	"Uncertain significance(Last reviewed: Nov 13, 2019)"
NM_000314.8(PTEN):c.595A>T (p.Met199Leu)	Hereditary cancer-predisposing syndrome	"Uncertain significance(Last reviewed: Mar 24, 2020)"
NM_000314.7(PTEN):c.595A>G (p.Met199Val)	Hereditary cancer-predisposing syndrome	"Uncertain significance(Last reviewed: Oct 31, 2019)"
NM_000314.7(PTEN):c.596T>A (p.Met199Lys)	Hereditary cancer-predisposing syndrome|PTEN hamartoma tumor syndrome	"Uncertain significance(Last reviewed: Sep 20, 2019)"
NM_000314.7(PTEN):c.596T>C (p.Met199Thr)	not provided|PTEN hamartoma tumor syndrome|Hereditary cancer-predisposing syndrome	"Uncertain significance(Last reviewed: Feb 4, 2019)"
NM_000314.7(PTEN):c.598T>G (p.Phe200Val)	Hereditary cancer-predisposing syndrome	"Likely pathogenic(Last reviewed: May 9, 2013)"
NM_000314.7(PTEN):c.599T>C (p.Phe200Ser)	not provided|PTEN hamartoma tumor syndrome	"Uncertain significance(Last reviewed: Mar 23, 2020)"
NM_000314.7(PTEN):c.604A>G (p.Thr202Ala)	PTEN hamartoma tumor syndrome	"Uncertain significance(Last reviewed: Oct 2, 2019)"
NM_000314.7(PTEN):c.604A>T (p.Thr202Ser)	not provided|PTEN hamartoma tumor syndrome	"Uncertain significance(Last reviewed: Nov 26, 2019)"
NM_000314.7(PTEN):c.605C>T (p.Thr202Ile)	PTEN hamartoma tumor syndrome	"Pathogenic(Last reviewed: Mar 1, 2017)"
NM_000314.7(PTEN):c.607A>G (p.Ile203Val)	Hereditary cancer-predisposing syndrome|PTEN hamartoma tumor syndrome	"Uncertain significance(Last reviewed: Nov 26, 2019)"
NM_000314.7(PTEN):c.610C>T (p.Pro204Ser)	PTEN hamartoma tumor syndrome|Hereditary cancer-predisposing syndrome	"Uncertain significance(Last reviewed: May 30, 2017)"
NM_000314.7(PTEN):c.610C>G (p.Pro204Ala)	Hereditary cancer-predisposing syndrome|PTEN hamartoma tumor syndrome|not provided	"Likely pathogenic(Last reviewed: Nov 22, 2019)"
NM_000314.8(PTEN):c.613A>G (p.Met205Val)	Cowden syndrome 1|Hereditary cancer-predisposing syndrome|PTEN hamartoma tumor syndrome	"Uncertain significance(Last reviewed: Oct 23, 2019)"
NM_000314.7(PTEN):c.614T>C (p.Met205Thr)	PTEN hamartoma tumor syndrome|Hereditary cancer-predisposing syndrome	"Uncertain significance(Last reviewed: Sep 27, 2019)"
NM_000314.7(PTEN):c.615G>A (p.Met205Ile)	not specified	Uncertain significance
NM_000314.8(PTEN):c.619A>T (p.Ser207Cys)	Hereditary cancer-predisposing syndrome	"Uncertain significance(Last reviewed: Oct 17, 2019)"
NM_000314.8(PTEN):c.622G>A (p.Gly208Ser)	PTEN hamartoma tumor syndrome	"Uncertain significance(Last reviewed: Oct 28, 2019)"
NM_000314.7(PTEN):c.625G>A (p.Gly209Arg)	PTEN hamartoma tumor syndrome|Hereditary cancer-predisposing syndrome	"Uncertain significance(Last reviewed: Mar 15, 2019)"
NM_000314.7(PTEN):c.625G>T (p.Gly209Ter)	PTEN hamartoma tumor syndrome	"Pathogenic(Last reviewed: Apr 4, 2017)"
NM_000314.7(PTEN):c.628A>G (p.Thr210Ala)	Hereditary cancer-predisposing syndrome	"Uncertain significance(Last reviewed: Jan 11, 2016)"
NM_000314.7(PTEN):c.633C>G (p.Cys211Trp)	Hereditary cancer-predisposing syndrome|PTEN hamartoma tumor syndrome|not provided	"Conflicting interpretations of pathogenicity(Last reviewed: Sep 14, 2019)"
NM_000314.7(PTEN):c.633C>A (p.Cys211Ter)	PTEN hamartoma tumor syndrome|Melanoma|Hereditary cancer-predisposing syndrome|Cowden syndrome 1	"Pathogenic(Last reviewed: May 28, 2019)"
NM_000314.8(PTEN):c.634A>C (p.Asn212His)	PTEN hamartoma tumor syndrome	"Uncertain significance(Last reviewed: Apr 30, 2019)"
NM_000314.7(PTEN):c.635A>G (p.Asn212Ser)	PTEN hamartoma tumor syndrome|not provided|Hereditary cancer-predisposing syndrome	"Uncertain significance(Last reviewed: Dec 11, 2019)"
NM_000314.8(PTEN):c.637C>T (p.Pro213Ser)	Hereditary cancer-predisposing syndrome	"Uncertain significance(Last reviewed: Jul 23, 2019)"
NM_000314.7(PTEN):c.638C>A (p.Pro213His)	Inborn genetic diseases	"Uncertain significance(Last reviewed: Oct 25, 2017)"
NM_000314.7(PTEN):c.640C>T (p.Gln214Ter)	Hereditary cancer-predisposing syndrome|Macrocephaly/autism syndrome|Cowden syndrome 1|PTEN hamartoma tumor syndrome|Inborn genetic diseases|not provided	"Pathogenic(Last reviewed: Jun 7, 2019)"
NM_000314.7(PTEN):c.641A>C (p.Gln214Pro)	Hereditary cancer-predisposing syndrome	"Uncertain significance(Last reviewed: Aug 1, 2016)"
NM_000314.7(PTEN):c.646G>A (p.Val216Met)	PTEN hamartoma tumor syndrome	"Uncertain significance(Last reviewed: Oct 9, 2018)"
NM_000314.8(PTEN):c.647T>C (p.Val216Ala)	Hereditary cancer-predisposing syndrome	"Uncertain significance(Last reviewed: Nov 26, 2019)"
NM_000314.7(PTEN):c.649G>A (p.Val217Ile)	Melanoma	"Pathogenic(Last reviewed: Sep 1, 2000)"
NM_000314.7(PTEN):c.650T>G (p.Val217Gly)	PTEN hamartoma tumor syndrome	"Uncertain significance(Last reviewed: Nov 10, 2016)"
NM_000314.8(PTEN):c.653G>A (p.Cys218Tyr)	PTEN hamartoma tumor syndrome	"Uncertain significance(Last reviewed: Apr 15, 2019)"
NM_000314.8(PTEN):c.653G>C (p.Cys218Ser)	Hereditary cancer-predisposing syndrome	"Uncertain significance(Last reviewed: Jun 5, 2019)"
NM_000314.7(PTEN):c.654C>A (p.Cys218Ter)	Cowden syndrome 1	"Pathogenic(Last reviewed: May 21, 2019)"
NM_000314.7(PTEN):c.656A>C (p.Gln219Pro)	Hereditary cancer-predisposing syndrome|not specified	"Uncertain significance(Last reviewed: Apr 5, 2019)"
NM_000314.8(PTEN):c.659T>C (p.Leu220Pro)	Hereditary cancer-predisposing syndrome	"Uncertain significance(Last reviewed: Sep 26, 2019)"
NM_000314.7(PTEN):c.664G>A (p.Val222Met)	not provided	"Uncertain significance(Last reviewed: Jan 12, 2017)"
NM_000314.7(PTEN):c.664G>T (p.Val222Leu)	PTEN hamartoma tumor syndrome	"Uncertain significance(Last reviewed: Mar 18, 2016)"
NM_000314.7(PTEN):c.667A>T (p.Lys223Ter)	PTEN hamartoma tumor syndrome	"Pathogenic(Last reviewed: Mar 1, 2017)"
NM_000314.7(PTEN):c.668A>G (p.Lys223Arg)	PTEN hamartoma tumor syndrome	"Uncertain significance(Last reviewed: Sep 3, 2019)"
NM_000314.7(PTEN):c.670A>T (p.Ile224Leu)	Hereditary cancer-predisposing syndrome	"Uncertain significance(Last reviewed: Jan 5, 2019)"
NM_000314.7(PTEN):c.671T>C (p.Ile224Thr)	PTEN hamartoma tumor syndrome	"Uncertain significance(Last reviewed: Dec 14, 2018)"
NM_000314.7(PTEN):c.672A>G (p.Ile224Met)	PTEN hamartoma tumor syndrome	"Uncertain significance(Last reviewed: Oct 4, 2018)"
NM_000314.7(PTEN):c.673T>C (p.Tyr225His)	not provided|PTEN hamartoma tumor syndrome|Hereditary cancer-predisposing syndrome	"Uncertain significance(Last reviewed: Apr 4, 2019)"
NM_000314.7(PTEN):c.675T>G (p.Tyr225Ter)	PTEN hamartoma tumor syndrome|Hemangioma|not provided	"Pathogenic(Last reviewed: Feb 3, 2019)"
NM_000314.8(PTEN):c.683A>T (p.Asn228Ile)	Hereditary cancer-predisposing syndrome	"Uncertain significance(Last reviewed: Feb 20, 2020)"
NM_000314.7(PTEN):c.683A>G (p.Asn228Ser)	not provided|Hereditary cancer-predisposing syndrome|PTEN hamartoma tumor syndrome	"Uncertain significance(Last reviewed: Jul 9, 2019)"
NM_000314.8(PTEN):c.685T>A (p.Ser229Thr)	PTEN hamartoma tumor syndrome|Cowden syndrome 1|not provided|Hereditary cancer-predisposing syndrome	"Uncertain significance(Last reviewed: Mar 23, 2020)"
NM_000314.8(PTEN):c.686C>G (p.Ser229Ter)	PTEN hamartoma tumor syndrome	"Pathogenic(Last reviewed: Nov 19, 2019)"
NM_000314.7(PTEN):c.692C>T (p.Pro231Leu)	PTEN hamartoma tumor syndrome	"Uncertain significance(Last reviewed: Sep 10, 2019)"
NM_000314.8(PTEN):c.697C>G (p.Arg233Gly)	PTEN hamartoma tumor syndrome	"Uncertain significance(Last reviewed: Dec 20, 2019)"
NM_000314.7(PTEN):c.697C>T (p.Arg233Ter)	Glioblastoma|Hereditary cancer-predisposing syndrome|Breast neoplasm|Cowden syndrome 1|Macrocephaly/autism syndrome|Non-small cell lung cancer|not specified|not provided|Cowden syndrome|PTEN hamartoma tumor syndrome|Ovarian Neoplasms|Neoplasm of the large intestine	"Pathogenic(Last reviewed: Mar 9, 2020)"
NM_000314.7(PTEN):c.698G>A (p.Arg233Gln)	Uterine cervical neoplasms|Transitional cell carcinoma of the bladder|Adenocarcinoma of prostate|Adenocarcinoma of stomach|Neoplasm of the large intestine|Hereditary cancer-predisposing syndrome|Malignant neoplasm of body of uterus|Glioblastoma|PTEN hamartoma tumor syndrome|Uterine Carcinosarcoma	"Uncertain significance(Last reviewed: Mar 5, 2019)"
NM_000314.7(PTEN):c.700C>G (p.Arg234Gly)	Hereditary cancer-predisposing syndrome	"Uncertain significance(Last reviewed: Apr 5, 2019)"
NM_000314.7(PTEN):c.700C>T (p.Arg234Trp)	not provided|Neoplasm|Hereditary cancer-predisposing syndrome|PTEN hamartoma tumor syndrome	"Uncertain significance(Last reviewed: Mar 5, 2019)"
NM_000314.7(PTEN):c.701G>A (p.Arg234Gln)	Hereditary cancer-predisposing syndrome|Meningioma|PTEN hamartoma tumor syndrome|Glioma susceptibility 2	"Uncertain significance(Last reviewed: Nov 28, 2018)"
NM_000314.8(PTEN):c.706G>A (p.Asp236Asn)	PTEN hamartoma tumor syndrome	"Uncertain significance(Last reviewed: Sep 6, 2019)"
NM_000314.7(PTEN):c.715A>G (p.Met239Val)	not provided|Hereditary cancer-predisposing syndrome|PTEN hamartoma tumor syndrome	"Uncertain significance(Last reviewed: Nov 28, 2018)"
NM_000314.8(PTEN):c.716T>C (p.Met239Thr)	Hereditary cancer-predisposing syndrome	"Uncertain significance(Last reviewed: Aug 7, 2019)"
NM_000314.7(PTEN):c.716T>G (p.Met239Arg)	Inborn genetic diseases|PTEN hamartoma tumor syndrome	"Uncertain significance(Last reviewed: Dec 24, 2019)"
NM_000314.7(PTEN):c.720C>G (p.Tyr240Ter)	PTEN hamartoma tumor syndrome	"Pathogenic(Last reviewed: Jun 17, 2018)"
NM_000314.7(PTEN):c.723dup (p.Glu242Ter)	PTEN hamartoma tumor syndrome|Hereditary cancer-predisposing syndrome	"Pathogenic(Last reviewed: Dec 12, 2019)"
NM_000314.8(PTEN):c.721T>A (p.Phe241Ile)	PTEN hamartoma tumor syndrome	"Uncertain significance(Last reviewed: Mar 15, 2019)"
NM_000314.7(PTEN):c.721T>G (p.Phe241Val)	not provided	"Uncertain significance(Last reviewed: Jun 22, 2017)"
NM_000314.7(PTEN):c.721T>C (p.Phe241Leu)	not specified	"Likely pathogenic(Last reviewed: Nov 10, 2016)"
NM_000314.7(PTEN):c.722T>C (p.Phe241Ser)	Macrocephaly/autism syndrome|PTEN hamartoma tumor syndrome	"Likely pathogenic(Last reviewed: Nov 28, 2018)"
NM_000314.7(PTEN):c.723T>G (p.Phe241Leu)	Hereditary cancer-predisposing syndrome	"Uncertain significance(Last reviewed: Dec 13, 2014)"
NM_000314.8(PTEN):c.725A>T (p.Glu242Val)	not specified	"Uncertain significance(Last reviewed: Jan 3, 2020)"
NM_000314.7(PTEN):c.730C>T (p.Pro244Ser)	not provided	"Uncertain significance(Last reviewed: Mar 21, 2016)"
NM_000314.7(PTEN):c.733C>T (p.Gln245Ter)	PTEN hamartoma tumor syndrome|Hereditary cancer-predisposing syndrome|not provided	"Pathogenic(Last reviewed: Jan 15, 2020)"
NM_000314.7(PTEN):c.734A>C (p.Gln245Pro)	not specified|Macrocephaly at birth|Biparietal narrowing|Epicanthus|Large cafe-au-lait macules with irregular margins|Autistic behavior|Delayed speech and language development	"Uncertain significance(Last reviewed: Mar 11, 2020)"
NM_000314.8(PTEN):c.735G>C (p.Gln245His)	Hereditary cancer-predisposing syndrome	"Uncertain significance(Last reviewed: Jun 5, 2019)"
NM_000314.8(PTEN):c.736C>A (p.Pro246Thr)	PTEN hamartoma tumor syndrome	"Uncertain significance(Last reviewed: Nov 6, 2019)"
NM_000314.8(PTEN):c.737C>T (p.Pro246Leu)	not provided|PTEN hamartoma tumor syndrome|Hereditary cancer-predisposing syndrome|Cowden syndrome 1	"Pathogenic(Last reviewed: Oct 18, 2017)"
NM_000314.7(PTEN):c.740T>A (p.Leu247Ter)	PTEN hamartoma tumor syndrome	"Pathogenic(Last reviewed: Apr 24, 2018)"
NM_000314.7(PTEN):c.740T>G (p.Leu247Ter)	Ovarian Neoplasms|Hereditary cancer-predisposing syndrome|not provided	"Pathogenic(Last reviewed: Feb 7, 2017)"
NM_000314.7(PTEN):c.740T>C (p.Leu247Ser)	Macrocephaly/autism syndrome|PTEN hamartoma tumor syndrome	"Likely pathogenic(Last reviewed: Jun 25, 2019)"
NM_000314.7(PTEN):c.742C>T (p.Pro248Ser)	Neoplasm of ovary	"Uncertain significance(Last reviewed: Oct 15, 2018)"
NM_000314.7(PTEN):c.750T>A (p.Cys250Ter)	Hereditary cancer-predisposing syndrome|not provided	"Pathogenic(Last reviewed: Jan 9, 2019)"
NM_000314.7(PTEN):c.752G>T (p.Gly251Val)	PTEN hamartoma tumor syndrome	"Uncertain significance(Last reviewed: Nov 8, 2019)"
NM_000314.7(PTEN):c.752G>C (p.Gly251Ala)	PTEN hamartoma tumor syndrome	"Uncertain significance(Last reviewed: Mar 29, 2017)"
NM_000314.7(PTEN):c.752_753delinsTG (p.Gly251Val)	Hereditary cancer-predisposing syndrome	"Likely pathogenic(Last reviewed: Oct 2, 2017)"
NM_000314.8(PTEN):c.754G>A (p.Asp252Asn)	Hereditary cancer-predisposing syndrome	"Uncertain significance(Last reviewed: May 1, 2019)"
NM_000314.7(PTEN):c.755A>T (p.Asp252Val)	PTEN hamartoma tumor syndrome	"Uncertain significance(Last reviewed: Mar 19, 2018)"
NM_000314.7(PTEN):c.755A>G (p.Asp252Gly)	PTEN hamartoma tumor syndrome|Macrocephaly/autism syndrome	"Likely pathogenic(Last reviewed: Jul 25, 2018)"
NM_000314.7(PTEN):c.758T>A (p.Ile253Asn)	Hereditary cancer-predisposing syndrome|PTEN hamartoma tumor syndrome	"Uncertain significance(Last reviewed: Sep 9, 2017)"
NM_000314.7(PTEN):c.761A>C (p.Lys254Thr)	Hereditary cancer-predisposing syndrome	"Likely pathogenic(Last reviewed: Feb 17, 2015)"
NM_000314.7(PTEN):c.764T>A (p.Val255Glu)	PTEN-related disorder|Hereditary cancer-predisposing syndrome	"Likely pathogenic(Last reviewed: Nov 12, 2019)"
NM_000314.7(PTEN):c.766G>T (p.Glu256Ter)	Cowden syndrome 1|PTEN hamartoma tumor syndrome	"Pathogenic(Last reviewed: Apr 6, 2018)"
NM_000314.7(PTEN):c.771C>A (p.Phe257Leu)	Hereditary cancer-predisposing syndrome	"Uncertain significance(Last reviewed: Apr 5, 2019)"
NM_000314.7(PTEN):c.779A>G (p.Lys260Arg)	PTEN hamartoma tumor syndrome	"Uncertain significance(Last reviewed: Oct 23, 2018)"
NM_000314.8(PTEN):c.781C>G (p.Gln261Glu)	Cowden syndrome 1	Uncertain significance
NM_000314.7(PTEN):c.781C>T (p.Gln261Ter)	PTEN hamartoma tumor syndrome|not provided	"Pathogenic(Last reviewed: Oct 8, 2018)"
NM_000314.7(PTEN):c.783G>T (p.Gln261His)	PTEN hamartoma tumor syndrome	"Uncertain significance(Last reviewed: Nov 8, 2019)"
NM_000314.7(PTEN):c.785A>C (p.Asn262Thr)	Hereditary cancer-predisposing syndrome	"Uncertain significance(Last reviewed: Apr 5, 2019)"
NM_000314.7(PTEN):c.794T>C (p.Leu265Pro)	PTEN hamartoma tumor syndrome	"Uncertain significance(Last reviewed: Apr 20, 2017)"
NM_000314.7(PTEN):c.796A>T (p.Lys266Ter)	PTEN hamartoma tumor syndrome	"Pathogenic(Last reviewed: Aug 30, 2018)"
NM_000314.7(PTEN):c.800A>G (p.Lys267Arg)	PTEN hamartoma tumor syndrome	"Uncertain significance(Last reviewed: Jul 16, 2018)"
NM_000314.7(PTEN):c.801G>T (p.Lys267Asn)	PTEN hamartoma tumor syndrome	"Uncertain significance(Last reviewed: Dec 25, 2017)"
NM_000314.7(PTEN):c.804C>A (p.Asp268Glu)	Hereditary cancer-predisposing syndrome	"Likely benign(Last reviewed: Jun 3, 2019)"
NM_000314.8(PTEN):c.805A>G (p.Lys269Glu)	PTEN hamartoma tumor syndrome	"Uncertain significance(Last reviewed: Feb 12, 2019)"
NM_000314.7(PTEN):c.808A>G (p.Met270Val)	PTEN hamartoma tumor syndrome|not provided	"Uncertain significance(Last reviewed: Jan 22, 2019)"
NM_000314.8(PTEN):c.810G>T (p.Met270Ile)	PTEN hamartoma tumor syndrome	"Uncertain significance(Last reviewed: Jul 2, 2018)"
NM_000314.7(PTEN):c.815A>C (p.His272Pro)	Hereditary cancer-predisposing syndrome	"Likely pathogenic(Last reviewed: Sep 2, 2016)"
NM_000314.7(PTEN):c.820T>C (p.Trp274Arg)	PTEN hamartoma tumor syndrome	"Uncertain significance(Last reviewed: Dec 12, 2018)"
NM_000314.7(PTEN):c.821G>T (p.Trp274Leu)	PTEN hamartoma tumor syndrome	"Pathogenic(Last reviewed: Mar 1, 2017)"
NM_000314.7(PTEN):c.822G>A (p.Trp274Ter)	PTEN hamartoma tumor syndrome|Hereditary cancer-predisposing syndrome|not provided	"Pathogenic(Last reviewed: Sep 27, 2019)"
NM_000314.7(PTEN):c.823G>A (p.Val275Ile)	PTEN hamartoma tumor syndrome|Hereditary cancer-predisposing syndrome	"Uncertain significance(Last reviewed: Dec 2, 2019)"
NM_000314.7(PTEN):c.826A>G (p.Asn276Asp)	PTEN hamartoma tumor syndrome	"Uncertain significance(Last reviewed: Aug 15, 2018)"
NM_000314.7(PTEN):c.829A>G (p.Thr277Ala)	PTEN hamartoma tumor syndrome	"Uncertain significance(Last reviewed: Jan 29, 2018)"
NM_000314.7(PTEN):c.830C>G (p.Thr277Arg)	PTEN hamartoma tumor syndrome|Hereditary cancer-predisposing syndrome	"Likely pathogenic(Last reviewed: Mar 23, 2020)"
NM_000314.7(PTEN):c.830C>T (p.Thr277Ile)	Hereditary cancer-predisposing syndrome	"Uncertain significance(Last reviewed: Oct 31, 2014)"
NM_000314.7(PTEN):c.830C>A (p.Thr277Lys)	not provided	"Uncertain significance(Last reviewed: Apr 17, 2015)"
NM_000314.8(PTEN):c.834C>A (p.Phe278Leu)	Hereditary cancer-predisposing syndrome	"Uncertain significance(Last reviewed: Jul 13, 2018)"
NM_000314.8(PTEN):c.838A>C (p.Ile280Leu)	Hereditary cancer-predisposing syndrome	"Uncertain significance(Last reviewed: Nov 14, 2019)"
NM_000314.7(PTEN):c.838A>G (p.Ile280Val)	PTEN hamartoma tumor syndrome|Cowden syndrome|Hereditary cancer-predisposing syndrome	"Conflicting interpretations of pathogenicity(Last reviewed: Oct 31, 2019)"
NM_000314.7(PTEN):c.841C>T (p.Pro281Ser)	PTEN hamartoma tumor syndrome	"Uncertain significance(Last reviewed: Nov 8, 2018)"
NM_000314.7(PTEN):c.841C>G (p.Pro281Ala)	PTEN hamartoma tumor syndrome|Hereditary cancer-predisposing syndrome|not provided	"Uncertain significance(Last reviewed: Jun 25, 2019)"
NM_000314.8(PTEN):c.845G>A (p.Gly282Glu)	PTEN hamartoma tumor syndrome	"Uncertain significance(Last reviewed: Aug 14, 2019)"
NM_000314.7(PTEN):c.847C>G (p.Pro283Ala)	Hereditary cancer-predisposing syndrome	"Uncertain significance(Last reviewed: Apr 5, 2019)"
NM_000314.7(PTEN):c.847C>T (p.Pro283Ser)	PTEN hamartoma tumor syndrome|Hereditary cancer-predisposing syndrome	"Uncertain significance(Last reviewed: Dec 5, 2019)"
NM_000314.8(PTEN):c.848C>T (p.Pro283Leu)	Hereditary cancer-predisposing syndrome	"Uncertain significance(Last reviewed: Dec 6, 2018)"
NM_000314.7(PTEN):c.850G>T (p.Glu284Ter)	Hereditary cancer-predisposing syndrome	"Pathogenic(Last reviewed: Jan 13, 2016)"
NM_000314.8(PTEN):c.852G>T (p.Glu284Asp)	PTEN hamartoma tumor syndrome	"Uncertain significance(Last reviewed: Jul 3, 2019)"
NM_000314.7(PTEN):c.853G>A (p.Glu285Lys)	PTEN hamartoma tumor syndrome|Hereditary cancer-predisposing syndrome	"Uncertain significance(Last reviewed: Nov 2, 2018)"
NM_000314.7(PTEN):c.859T>C (p.Ser287Pro)	PTEN hamartoma tumor syndrome|Hereditary breast and ovarian cancer syndrome|Hereditary cancer-predisposing syndrome	"Uncertain significance(Last reviewed: Oct 23, 2019)"
NM_000314.7(PTEN):c.860C>A (p.Ser287Ter)	Hereditary cancer-predisposing syndrome	"Pathogenic(Last reviewed: Sep 24, 2013)"
NM_000314.7(PTEN):c.860C>G (p.Ser287Ter)	"Bannayan-Riley-Ruvalcaba syndrome|Cowden syndrome 1|Macrocephaly/autism syndrome|VACTERL association with hydrocephalus|Cowden syndrome 1|Malignant tumor of prostate|PTEN hamartoma tumor syndrome|Macrocephaly/autism syndrome|Glioma susceptibility 2|Meningioma, familial"	"Pathogenic/Likely pathogenic(Last reviewed: Oct 31, 2018)"
NM_000314.7(PTEN):c.862G>A (p.Glu288Lys)	"Hereditary cancer-predisposing syndrome|PTEN hamartoma tumor syndrome|PTEN hamartoma tumor syndrome|Glioma susceptibility 2|Meningioma, familial|VACTERL association with hydrocephalus|Macrocephaly/autism syndrome|Cowden syndrome 1|Malignant tumor of prostate"	"Uncertain significance(Last reviewed: Jun 19, 2019)"
NM_000314.7(PTEN):c.865A>T (p.Lys289Ter)	Hereditary cancer-predisposing syndrome	"Pathogenic(Last reviewed: May 1, 2014)"
NM_000314.7(PTEN):c.865A>G (p.Lys289Glu)	PTEN hamartoma tumor syndrome|Hereditary cancer-predisposing syndrome	"Conflicting interpretations of pathogenicity(Last reviewed: Sep 4, 2019)"
NM_000314.8(PTEN):c.868G>A (p.Val290Ile)	PTEN hamartoma tumor syndrome	"Uncertain significance(Last reviewed: Nov 29, 2019)"
NM_000314.8(PTEN):c.868G>C (p.Val290Leu)	Hereditary cancer-predisposing syndrome	"Uncertain significance(Last reviewed: Nov 1, 2019)"
NM_000314.7(PTEN):c.869T>C (p.Val290Ala)	PTEN hamartoma tumor syndrome|not provided	"Uncertain significance(Last reviewed: May 7, 2019)"
NM_000314.7(PTEN):c.872A>G (p.Glu291Gly)	PTEN hamartoma tumor syndrome	"Uncertain significance(Last reviewed: Nov 20, 2019)"
NM_000314.7(PTEN):c.877G>T (p.Gly293Ter)	PTEN hamartoma tumor syndrome	"Pathogenic(Last reviewed: Nov 23, 2015)"
NM_000314.8(PTEN):c.878G>T (p.Gly293Val)	PTEN hamartoma tumor syndrome	"Uncertain significance(Last reviewed: Oct 30, 2019)"
NM_000314.7(PTEN):c.881G>A (p.Ser294Asn)	Hereditary cancer-predisposing syndrome|not specified|PTEN hamartoma tumor syndrome	"Uncertain significance(Last reviewed: Feb 23, 2018)"
NM_000314.8(PTEN):c.882T>G (p.Ser294Arg)	"not specified|not provided|PTEN hamartoma tumor syndrome|Cutaneous malignant melanoma 1|Cowden syndrome 1|Meningioma, familial|VACTERL association with hydrocephalus|Follicular thyroid carcinoma|Bannayan-Riley-Ruvalcaba syndrome|Malignant tumor of prostate|Endometrial carcinoma|Glioma susceptibility 2|Macrocephaly/autism syndrome|Squamous cell carcinoma of the head and neck|Cowden syndrome 1|Hereditary cancer-predisposing syndrome"	"Uncertain significance(Last reviewed: Mar 5, 2019)"
NM_000314.7(PTEN):c.886T>C (p.Cys296Arg)	not provided|Hereditary cancer-predisposing syndrome	"Uncertain significance(Last reviewed: Apr 30, 2019)"
NM_000314.7(PTEN):c.887G>A (p.Cys296Tyr)	not provided|Hereditary cancer-predisposing syndrome|PTEN hamartoma tumor syndrome	"Uncertain significance(Last reviewed: Sep 27, 2019)"
NM_000314.8(PTEN):c.888T>A (p.Cys296Ter)	Cowden syndrome	"Likely pathogenic(Last reviewed: Jan 14, 2020)"
NM_000314.8(PTEN):c.888T>G (p.Cys296Trp)	Hereditary cancer-predisposing syndrome|PTEN hamartoma tumor syndrome	"Uncertain significance(Last reviewed: Nov 20, 2019)"
NM_000314.7(PTEN):c.889G>T (p.Asp297Tyr)	PTEN hamartoma tumor syndrome|not provided|Hereditary cancer-predisposing syndrome	"Uncertain significance(Last reviewed: Jan 23, 2020)"
NM_000314.7(PTEN):c.889G>C (p.Asp297His)	Hereditary cancer-predisposing syndrome|PTEN hamartoma tumor syndrome	"Uncertain significance(Last reviewed: Jul 10, 2019)"
NM_000314.7(PTEN):c.892C>A (p.Gln298Lys)	PTEN hamartoma tumor syndrome|Hereditary cancer-predisposing syndrome	"Uncertain significance(Last reviewed: Dec 4, 2019)"
NM_000314.7(PTEN):c.892C>T (p.Gln298Ter)	not provided|Hereditary cancer-predisposing syndrome|PTEN hamartoma tumor syndrome	"Pathogenic(Last reviewed: Oct 18, 2017)"
NM_000314.8(PTEN):c.892C>G (p.Gln298Glu)	"Hereditary cancer-predisposing syndrome|not specified|not provided|PTEN hamartoma tumor syndrome|Cutaneous malignant melanoma 1|Cowden syndrome 1|Meningioma, familial|VACTERL association with hydrocephalus|Follicular thyroid carcinoma|Bannayan-Riley-Ruvalcaba syndrome|Malignant tumor of prostate|Endometrial carcinoma|Glioma susceptibility 2|Macrocephaly/autism syndrome|Squamous cell carcinoma of the head and neck|Cowden syndrome 1"	"Uncertain significance(Last reviewed: Mar 5, 2019)"
NM_000314.7(PTEN):c.895G>T (p.Glu299Ter)	Hereditary cancer-predisposing syndrome	"Pathogenic(Last reviewed: Jan 6, 2013)"
NM_000314.7(PTEN):c.896A>G (p.Glu299Gly)	Hereditary cancer-predisposing syndrome	"Uncertain significance(Last reviewed: Apr 5, 2019)"
NM_000314.8(PTEN):c.901G>T (p.Asp301Tyr)	not provided	"Uncertain significance(Last reviewed: Aug 1, 2019)"
NM_000314.8(PTEN):c.901G>A (p.Asp301Asn)	Hereditary cancer-predisposing syndrome|not provided|PTEN hamartoma tumor syndrome	"Uncertain significance(Last reviewed: Mar 4, 2020)"
NM_000314.7(PTEN):c.905G>A (p.Ser302Asn)	Hereditary cancer-predisposing syndrome	"Uncertain significance(Last reviewed: Apr 22, 2016)"
NM_000314.7(PTEN):c.906C>G (p.Ser302Arg)	PTEN hamartoma tumor syndrome|Hereditary cancer-predisposing syndrome	"Uncertain significance(Last reviewed: Oct 24, 2018)"
NM_000314.7(PTEN):c.907A>G (p.Ile303Val)	PTEN hamartoma tumor syndrome|Hereditary cancer-predisposing syndrome	"Uncertain significance(Last reviewed: Feb 28, 2019)"
NM_000314.7(PTEN):c.908T>G (p.Ile303Ser)	PTEN hamartoma tumor syndrome|Hereditary cancer-predisposing syndrome	"Uncertain significance(Last reviewed: Mar 4, 2019)"
NM_000314.7(PTEN):c.913A>G (p.Ser305Gly)	Hereditary cancer-predisposing syndrome|PTEN hamartoma tumor syndrome	"Uncertain significance(Last reviewed: Nov 3, 2019)"
NM_000314.7(PTEN):c.914G>T (p.Ser305Ile)	not provided	"Uncertain significance(Last reviewed: Mar 7, 2018)"
NM_000314.7(PTEN):c.914G>A (p.Ser305Asn)	"not provided|PTEN hamartoma tumor syndrome|Cowden syndrome 1|not specified|Cowden syndrome 1|Meningioma, familial|VACTERL association with hydrocephalus|PTEN hamartoma tumor syndrome|Malignant tumor of prostate|Glioma susceptibility 2|Macrocephaly/autism syndrome|Hereditary cancer-predisposing syndrome"	"Uncertain significance(Last reviewed: Mar 5, 2019)"
NM_000314.7(PTEN):c.915T>G (p.Ser305Arg)	Hereditary cancer-predisposing syndrome	"Uncertain significance(Last reviewed: Jan 16, 2015)"
NM_000314.7(PTEN):c.916A>G (p.Ile306Val)	PTEN hamartoma tumor syndrome|Hereditary cancer-predisposing syndrome|not provided	"Uncertain significance(Last reviewed: Oct 17, 2018)"
NM_000314.7(PTEN):c.919G>T (p.Glu307Ter)	not provided	"Pathogenic(Last reviewed: Apr 15, 2015)"
NM_000314.7(PTEN):c.919G>C (p.Glu307Gln)	Hereditary cancer-predisposing syndrome|PTEN hamartoma tumor syndrome	"Uncertain significance(Last reviewed: Sep 3, 2019)"
NM_000314.7(PTEN):c.920A>G (p.Glu307Gly)	PTEN hamartoma tumor syndrome|Hereditary breast and ovarian cancer syndrome|Hereditary cancer-predisposing syndrome	"Uncertain significance(Last reviewed: Dec 11, 2019)"
NM_000314.7(PTEN):c.922C>T (p.Arg308Cys)	Hereditary cancer-predisposing syndrome|PTEN hamartoma tumor syndrome|not provided	"Uncertain significance(Last reviewed: May 28, 2019)"
NM_000314.7(PTEN):c.923G>A (p.Arg308His)	not provided|PTEN hamartoma tumor syndrome|Hereditary cancer-predisposing syndrome	"Uncertain significance(Last reviewed: Aug 21, 2019)"
NM_000314.7(PTEN):c.929A>G (p.Asp310Gly)	Hereditary cancer-predisposing syndrome|PTEN hamartoma tumor syndrome	"Uncertain significance(Last reviewed: Mar 13, 2018)"
NM_000314.7(PTEN):c.934G>A (p.Asp312Asn)	PTEN hamartoma tumor syndrome	"Uncertain significance(Last reviewed: Mar 10, 2016)"
NM_000314.7(PTEN):c.935A>G (p.Asp312Gly)	PTEN hamartoma tumor syndrome|not provided|Hereditary cancer-predisposing syndrome	"Uncertain significance(Last reviewed: Dec 29, 2019)"
NM_000314.7(PTEN):c.937A>C (p.Lys313Gln)	PTEN hamartoma tumor syndrome	"Uncertain significance(Last reviewed: Apr 24, 2019)"
NM_000314.7(PTEN):c.940G>T (p.Glu314Ter)	Hereditary cancer-predisposing syndrome	"Pathogenic(Last reviewed: Apr 17, 2017)"
NM_000314.8(PTEN):c.941A>T (p.Glu314Val)	PTEN hamartoma tumor syndrome	"Uncertain significance(Last reviewed: May 28, 2019)"
NM_000314.7(PTEN):c.941A>C (p.Glu314Ala)	not provided|PTEN hamartoma tumor syndrome	"Uncertain significance(Last reviewed: Oct 22, 2019)"
NM_000314.7(PTEN):c.945T>G (p.Tyr315Ter)	PTEN hamartoma tumor syndrome	"Pathogenic(Last reviewed: Sep 4, 2016)"
NM_000314.7(PTEN):c.945T>A (p.Tyr315Ter)	not provided	"Pathogenic(Last reviewed: Jul 31, 2015)"
NM_000314.7(PTEN):c.946C>A (p.Leu316Ile)	PTEN hamartoma tumor syndrome	"Uncertain significance(Last reviewed: Nov 8, 2018)"
NM_000314.7(PTEN):c.947T>C (p.Leu316Pro)	PTEN hamartoma tumor syndrome|not provided|Macrocephaly/autism syndrome|Cowden syndrome 1	"Uncertain significance(Last reviewed: Nov 22, 2019)"
NM_000314.7(PTEN):c.949G>A (p.Val317Ile)	Hereditary cancer-predisposing syndrome|PTEN hamartoma tumor syndrome	"Uncertain significance(Last reviewed: Jan 6, 2020)"
NM_000314.7(PTEN):c.959T>A (p.Leu320Ter)	PTEN hamartoma tumor syndrome	"Pathogenic(Last reviewed: Apr 25, 2018)"
NM_000314.7(PTEN):c.959T>G (p.Leu320Ter)	Hereditary cancer-predisposing syndrome|Macrocephaly/autism syndrome	"Pathogenic(Last reviewed: Jan 17, 2020)"
NM_000314.7(PTEN):c.964A>T (p.Lys322Ter)	Hereditary cancer-predisposing syndrome|PTEN hamartoma tumor syndrome|not provided	"Likely pathogenic(Last reviewed: Mar 23, 2020)"
NM_000314.8(PTEN):c.967A>C (p.Asn323His)	Hereditary cancer-predisposing syndrome	"Uncertain significance(Last reviewed: Jul 22, 2019)"
NM_000314.7(PTEN):c.968A>C (p.Asn323Thr)	PTEN hamartoma tumor syndrome	"Uncertain significance(Last reviewed: Nov 11, 2018)"
NM_000314.8(PTEN):c.971A>G (p.Asp324Gly)	Hereditary cancer-predisposing syndrome	"Uncertain significance(Last reviewed: Jan 4, 2019)"
NM_000314.8(PTEN):c.972T>A (p.Asp324Glu)	PTEN hamartoma tumor syndrome	"Uncertain significance(Last reviewed: Mar 8, 2019)"
NM_000314.8(PTEN):c.975dup (p.Asp326Ter)	Hereditary cancer-predisposing syndrome	"Pathogenic(Last reviewed: Aug 4, 2019)"
NM_000314.7(PTEN):c.974T>G (p.Leu325Arg)	Hereditary cancer-predisposing syndrome|PTEN hamartoma tumor syndrome	"Uncertain significance(Last reviewed: May 16, 2019)"
NM_000314.7(PTEN):c.974T>C (p.Leu325Pro)	Hereditary cancer-predisposing syndrome	"Uncertain significance(Last reviewed: Mar 6, 2013)"
NM_000314.8(PTEN):c.977A>G (p.Asp326Gly)	PTEN hamartoma tumor syndrome	"Uncertain significance(Last reviewed: Dec 16, 2019)"
NM_000314.7(PTEN):c.987_996dup (p.Ala333Ter)	PTEN hamartoma tumor syndrome	"Pathogenic(Last reviewed: May 15, 2017)"
NM_000314.8(PTEN):c.986A>G (p.Asn329Ser)	PTEN hamartoma tumor syndrome	"Uncertain significance(Last reviewed: Apr 19, 2019)"
NM_000314.7(PTEN):c.988A>G (p.Lys330Glu)	Hereditary cancer-predisposing syndrome	"Uncertain significance(Last reviewed: Nov 23, 2018)"
NM_000314.8(PTEN):c.998C>A (p.Ala333Asp)	Hereditary cancer-predisposing syndrome	"Uncertain significance(Last reviewed: Jan 22, 2018)"
NM_000314.7(PTEN):c.998C>T (p.Ala333Val)	Hereditary cancer-predisposing syndrome	"Uncertain significance(Last reviewed: Feb 26, 2016)"
NM_000314.7(PTEN):c.1001A>G (p.Asn334Ser)	PTEN hamartoma tumor syndrome|Hereditary cancer-predisposing syndrome	"Uncertain significance(Last reviewed: Aug 30, 2019)"
NM_000314.7(PTEN):c.1002C>G (p.Asn334Lys)	Hereditary cancer-predisposing syndrome	"Uncertain significance(Last reviewed: Jan 24, 2019)"
NM_000314.8(PTEN):c.1003C>T (p.Arg335Ter)	"Cowden syndrome 1|Hereditary cancer-predisposing syndrome|Neoplasm of brain|Macrocephaly/autism syndrome|Glioma susceptibility 2|PTEN hamartoma tumor syndrome|Malignant tumor of prostate|Cowden syndrome 1|VACTERL association with hydrocephalus|Meningioma, familial|PTEN-related disorder|Macrocephaly/autism syndrome|Cowden syndrome 1|PTEN hamartoma tumor syndrome|Macrocephaly/autism syndrome|Proteus-like syndrome|Cowden syndrome|Ovarian Neoplasms|Inborn genetic diseases|not provided"	"Pathogenic(Last reviewed: Jan 15, 2020)"
NM_000314.7(PTEN):c.1004G>T (p.Arg335Leu)	Cowden syndrome 1	"Uncertain significance(Last reviewed: Feb 2, 2017)"
NM_000314.7(PTEN):c.1004G>A (p.Arg335Gln)	PTEN hamartoma tumor syndrome	"Pathogenic(Last reviewed: Mar 1, 2017)"
NM_000314.8(PTEN):c.1006T>C (p.Tyr336His)	PTEN hamartoma tumor syndrome	"Uncertain significance(Last reviewed: Nov 19, 2019)"
NM_000314.7(PTEN):c.1008C>G (p.Tyr336Ter)	PTEN hamartoma tumor syndrome|Hereditary cancer-predisposing syndrome	"Pathogenic(Last reviewed: Mar 14, 2019)"
NM_000314.7(PTEN):c.1010T>A (p.Phe337Tyr)	Hereditary cancer-predisposing syndrome	"Uncertain significance(Last reviewed: Sep 2, 2016)"
NM_000314.8(PTEN):c.1015C>T (p.Pro339Ser)	PTEN hamartoma tumor syndrome	"Uncertain significance(Last reviewed: Oct 7, 2019)"
NM_000314.8(PTEN):c.1016C>A (p.Pro339Gln)	PTEN hamartoma tumor syndrome	"Uncertain significance(Last reviewed: Jul 2, 2018)"
NM_000314.7(PTEN):c.1018A>C (p.Asn340His)	PTEN hamartoma tumor syndrome|not provided	"Uncertain significance(Last reviewed: Jun 9, 2017)"
NM_000314.7(PTEN):c.1018A>G (p.Asn340Asp)	Hereditary cancer-predisposing syndrome|not provided	"Uncertain significance(Last reviewed: Apr 6, 2020)"
NM_000314.7(PTEN):c.1020T>A (p.Asn340Lys)	PTEN hamartoma tumor syndrome	"Uncertain significance(Last reviewed: Oct 12, 2017)"
NM_000314.7(PTEN):c.1021T>G (p.Phe341Val)	not provided	"Uncertain significance(Last reviewed: Jul 6, 2017)"
NM_000314.8(PTEN):c.1022T>G (p.Phe341Cys)	PTEN hamartoma tumor syndrome	"Uncertain significance(Last reviewed: Dec 13, 2019)"
NM_000314.7(PTEN):c.1025A>C (p.Lys342Thr)	not provided	"Uncertain significance(Last reviewed: Sep 1, 2015)"
NM_000314.7(PTEN):c.1026G>C (p.Lys342Asn)	not provided	"Uncertain significance(Last reviewed: Apr 17, 2015)"
NM_000314.7(PTEN):c.1027G>A (p.Val343Met)	PTEN hamartoma tumor syndrome	"Uncertain significance(Last reviewed: Sep 26, 2016)"
NM_000314.7(PTEN):c.1028T>G (p.Val343Gly)	Hereditary cancer-predisposing syndrome	"Uncertain significance(Last reviewed: Nov 16, 2018)"
NM_000314.8(PTEN):c.1031A>G (p.Lys344Arg)	Hereditary cancer-predisposing syndrome	"Uncertain significance(Last reviewed: Sep 19, 2019)"
NM_000314.7(PTEN):c.1033C>G (p.Leu345Val)	Hereditary cancer-predisposing syndrome	"Uncertain significance(Last reviewed: Feb 16, 2016)"
NM_000314.8(PTEN):c.1034T>G (p.Leu345Arg)	PTEN hamartoma tumor syndrome	"Likely pathogenic(Last reviewed: May 28, 2019)"
NM_000314.7(PTEN):c.1034T>C (p.Leu345Pro)	Hereditary cancer-predisposing syndrome|PTEN hamartoma tumor syndrome	"Conflicting interpretations of pathogenicity(Last reviewed: Apr 25, 2019)"
NM_000314.8(PTEN):c.1036T>G (p.Tyr346Asp)	Hereditary cancer-predisposing syndrome	"Uncertain significance(Last reviewed: Jun 7, 2019)"
NM_000314.7(PTEN):c.1037A>G (p.Tyr346Cys)	Hereditary cancer-predisposing syndrome	"Uncertain significance(Last reviewed: Jul 25, 2016)"
NM_000314.7(PTEN):c.1051G>A (p.Val351Ile)	Hereditary cancer-predisposing syndrome	"Uncertain significance(Last reviewed: Nov 18, 2018)"
NM_000314.7(PTEN):c.1054G>C (p.Glu352Gln)	Hereditary cancer-predisposing syndrome|PTEN hamartoma tumor syndrome	"Uncertain significance(Last reviewed: Apr 5, 2019)"
NM_000314.7(PTEN):c.1058A>G (p.Glu353Gly)	PTEN hamartoma tumor syndrome	"Uncertain significance(Last reviewed: Dec 16, 2015)"
NM_000314.8(PTEN):c.1061C>A (p.Pro354Gln)	PTEN hamartoma tumor syndrome|not provided|not specified|Inborn genetic diseases|Cowden syndrome 1|Hereditary cancer-predisposing syndrome	"Uncertain significance(Last reviewed: Nov 28, 2018)"
NM_000314.7(PTEN):c.1061C>T (p.Pro354Leu)	PTEN hamartoma tumor syndrome|Cowden syndrome 1|not provided|Hereditary cancer-predisposing syndrome	"Uncertain significance(Last reviewed: Jun 25, 2019)"
NM_000314.7(PTEN):c.1066A>T (p.Asn356Tyr)	not provided|PTEN hamartoma tumor syndrome|Hereditary cancer-predisposing syndrome	"Uncertain significance(Last reviewed: Oct 9, 2019)"
NM_000314.7(PTEN):c.1066A>G (p.Asn356Asp)	Hereditary cancer-predisposing syndrome|PTEN hamartoma tumor syndrome	"Uncertain significance(Last reviewed: Dec 3, 2019)"
NM_000314.7(PTEN):c.1067A>T (p.Asn356Ile)	Hereditary cancer-predisposing syndrome	"Uncertain significance(Last reviewed: Dec 24, 2018)"
NM_000314.7(PTEN):c.1068T>A (p.Asn356Lys)	PTEN hamartoma tumor syndrome	"Uncertain significance(Last reviewed: Jun 5, 2018)"
NM_000314.8(PTEN):c.1069C>G (p.Pro357Ala)	PTEN hamartoma tumor syndrome	"Uncertain significance(Last reviewed: Feb 19, 2019)"
NM_000314.7(PTEN):c.1069C>A (p.Pro357Thr)	Cowden syndrome 1|not provided|PTEN hamartoma tumor syndrome|Hereditary cancer-predisposing syndrome	"Uncertain significance(Last reviewed: Jan 30, 2020)"
NM_000314.8(PTEN):c.1072G>A (p.Glu358Lys)	PTEN hamartoma tumor syndrome	"Uncertain significance(Last reviewed: Nov 18, 2019)"
NM_000314.7(PTEN):c.1074G>C (p.Glu358Asp)	PTEN hamartoma tumor syndrome|Hereditary cancer-predisposing syndrome	"Uncertain significance(Last reviewed: Dec 15, 2019)"
NM_000314.7(PTEN):c.1075G>T (p.Ala359Ser)	PTEN hamartoma tumor syndrome	"Uncertain significance(Last reviewed: Oct 24, 2018)"
NM_000314.8(PTEN):c.1078A>G (p.Ser360Gly)	PTEN hamartoma tumor syndrome|not provided|Hereditary cancer-predisposing syndrome|Cowden syndrome 1	"Uncertain significance(Last reviewed: Jun 25, 2019)"
NM_000314.7(PTEN):c.1079G>C (p.Ser360Thr)	PTEN hamartoma tumor syndrome|Hereditary cancer-predisposing syndrome	"Uncertain significance(Last reviewed: Dec 9, 2019)"
NM_000314.7(PTEN):c.1081A>C (p.Ser361Arg)	PTEN hamartoma tumor syndrome|Hereditary cancer-predisposing syndrome	"Uncertain significance(Last reviewed: Apr 25, 2019)"
NM_000314.7(PTEN):c.1087A>G (p.Thr363Ala)	PTEN hamartoma tumor syndrome|Hereditary cancer-predisposing syndrome	"Uncertain significance(Last reviewed: Nov 26, 2019)"
NM_000314.8(PTEN):c.1088C>T (p.Thr363Ile)	Hereditary cancer-predisposing syndrome	"Uncertain significance(Last reviewed: May 23, 2019)"
NM_000314.8(PTEN):c.1091C>G (p.Ser364Cys)	PTEN hamartoma tumor syndrome	"Uncertain significance(Last reviewed: Nov 19, 2019)"
NM_000314.7(PTEN):c.1093G>A (p.Val365Ile)	not provided|Hereditary cancer-predisposing syndrome|PTEN hamartoma tumor syndrome|Cowden syndrome 1	"Uncertain significance(Last reviewed: Jun 25, 2019)"
NM_000314.7(PTEN):c.1096A>G (p.Thr366Ala)	PTEN hamartoma tumor syndrome	"Uncertain significance(Last reviewed: Mar 20, 2018)"
NM_000314.8(PTEN):c.1103A>T (p.Asp368Val)	PTEN hamartoma tumor syndrome	"Uncertain significance(Last reviewed: Apr 27, 2019)"
NM_000314.7(PTEN):c.1104T>A (p.Asp368Glu)	Hereditary cancer-predisposing syndrome|not provided	"Uncertain significance(Last reviewed: Apr 17, 2015)"
NM_000314.7(PTEN):c.1105G>A (p.Val369Ile)	Hereditary cancer-predisposing syndrome|not provided|PTEN hamartoma tumor syndrome	"Uncertain significance(Last reviewed: Mar 23, 2020)"
NM_000314.7(PTEN):c.1115A>G (p.Asn372Ser)	Hereditary cancer-predisposing syndrome|PTEN hamartoma tumor syndrome	"Uncertain significance(Last reviewed: Oct 29, 2019)"
NM_000314.7(PTEN):c.1123G>A (p.Asp375Asn)	PTEN hamartoma tumor syndrome	"Uncertain significance(Last reviewed: Feb 7, 2018)"
NM_000314.7(PTEN):c.1124A>G (p.Asp375Gly)	PTEN hamartoma tumor syndrome	"Uncertain significance(Last reviewed: Nov 20, 2018)"
NM_000314.7(PTEN):c.1130A>T (p.Tyr377Phe)	PTEN hamartoma tumor syndrome|Hereditary cancer-predisposing syndrome	"Uncertain significance(Last reviewed: Nov 6, 2019)"
NM_000314.7(PTEN):c.1132A>G (p.Arg378Gly)	PTEN hamartoma tumor syndrome	"Uncertain significance(Last reviewed: Oct 30, 2019)"
NM_000314.8(PTEN):c.1137T>G (p.Tyr379Ter)	Hereditary cancer-predisposing syndrome	"Likely pathogenic(Last reviewed: Sep 18, 2019)"
NM_000314.7(PTEN):c.1160C>T (p.Pro387Leu)	PTEN hamartoma tumor syndrome	"Uncertain significance(Last reviewed: Apr 13, 2018)"
NM_000314.8(PTEN):c.1164G>C (p.Glu388Asp)	Hereditary cancer-predisposing syndrome	"Uncertain significance(Last reviewed: Feb 3, 2020)"
NM_000314.7(PTEN):c.1171C>T (p.Pro391Ser)	not specified|Hereditary cancer-predisposing syndrome|not provided|PTEN hamartoma tumor syndrome	"Uncertain significance(Last reviewed: Mar 23, 2020)"
NM_000314.7(PTEN):c.1172C>T (p.Pro391Leu)	Hereditary cancer-predisposing syndrome	"Uncertain significance(Last reviewed: Apr 5, 2019)"
NM_000314.7(PTEN):c.1172C>A (p.Pro391His)	Hereditary cancer-predisposing syndrome	"Uncertain significance(Last reviewed: Apr 4, 2019)"
NM_000314.8(PTEN):c.1177G>T (p.Asp393Tyr)	PTEN hamartoma tumor syndrome	"Uncertain significance(Last reviewed: Dec 3, 2019)"
NM_000314.7(PTEN):c.1178A>G (p.Asp393Gly)	Hereditary cancer-predisposing syndrome	"Uncertain significance(Last reviewed: Apr 6, 2018)"
NM_000314.8(PTEN):c.1189C>T (p.His397Tyr)	Hereditary cancer-predisposing syndrome	"Uncertain significance(Last reviewed: Jun 27, 2019)"
NM_000314.8(PTEN):c.1190A>T (p.His397Leu)	PTEN hamartoma tumor syndrome|Hereditary cancer-predisposing syndrome	"Uncertain significance(Last reviewed: Oct 14, 2019)"
NM_000314.7(PTEN):c.1190A>G (p.His397Arg)	not provided|PTEN hamartoma tumor syndrome	"Uncertain significance(Last reviewed: Sep 19, 2018)"
NM_000314.8(PTEN):c.1197A>C (p.Gln399His)	Hereditary cancer-predisposing syndrome	"Uncertain significance(Last reviewed: Aug 22, 2019)"
NM_000314.7(PTEN):c.1198A>G (p.Ile400Val)	PTEN hamartoma tumor syndrome	"Uncertain significance(Last reviewed: Jan 10, 2019)"
NM_000314.8(PTEN):c.1202C>T (p.Thr401Ile)	PTEN hamartoma tumor syndrome	"Uncertain significance(Last reviewed: Oct 7, 2019)"
NM_000314.7(PTEN):c.1204A>G (p.Lys402Glu)	PTEN hamartoma tumor syndrome	"Uncertain significance(Last reviewed: Sep 15, 2017)"
NM_000314.7(PTEN):c.1206A>C (p.Lys402Asn)	not provided|PTEN hamartoma tumor syndrome|Hereditary cancer-predisposing syndrome	"Uncertain significance(Last reviewed: Dec 23, 2019)"